#VRML V2.0 utf8
# 3D model generated by easyeda2kicad.py (https://github.com/uPesy/easyeda2kicad.py)

Shape{
    appearance Appearance {
        material  Material 	{
            diffuseColor 0.2235294117647059 0.2235294117647059 0.2235294117647059
            specularColor 0.11372549019607843 0.11372549019607843 0.11372549019607843
            ambientIntensity 0.2235
            transparency 0.0
            shininess 0.5
        }
    }
    geometry IndexedFaceSet {
        ccw TRUE
        solid FALSE
        coord DEF co Coordinate {
            point [
                0.432 -0.4605 0.3858, 0.432 -0.3983 0.3858, 0.3807 -0.3983 0.3858, 0.432 0.689 0.3858, 0.3807 0.689 0.3858, 0.7874 -0.3983 0.3858, 0.7874 0.689 0.3858, 0.5841 0.689 0.3858, 0.4932 -0.5993 0.3858, 0.4919 -0.5994 0.3858, 0.5048 -0.5994 0.3858, 0.4524 -0.461 0.3858, 0.4565 -0.4605 0.3858, 0.4352 -0.4605 0.3858, 0.4662 -0.5144 0.3858, 0.4628 -0.5148 0.3858, 0.4804 -0.5148 0.3858, 0.3354 -0.5032 0.3858, 0.3455 -0.5122 0.3858, 0.3807 -0.4605 0.3858, 0.3807 -0.5148 0.3858, 0.2838 -0.455 0.3858, 0.292 -0.4605 0.3858, 0.3007 -0.4663 0.3858, 0.3132 -0.4807 0.3858, 0.3212 -0.4963 0.3858, 0.3242 -0.4974 0.3858, 0.2128 -0.4557 0.3858, 0.2303 -0.4489 0.3858, -0.2387 -0.3983 0.3858, 0.2491 -0.4466 0.3858, 0.2648 -0.4482 0.3858, 0.2051 -0.4605 0.3858, -0.2387 -0.4605 0.3858, 0.2036 -0.4614 0.3858, -0.2387 -0.5148 0.3858, 0.1221 -0.5148 0.3858, 0.1253 -0.5074 0.3858, 0.1345 -0.4956 0.3858, 0.1631 -0.4792 0.3858, 0.1782 -0.4773 0.3858, 0.1947 -0.469 0.3858, 0.1825 -0.4776 0.3858, 0.1869 -0.4781 0.3858, 0.137 -0.4932 0.3858, 0.1491 -0.4847 0.3858, 0.1581 -0.597 0.3858, 0.1444 -0.5903 0.3858, -0.2387 -0.5994 0.3858, 0.1326 -0.5802 0.3858, 0.124 -0.5679 0.3858, 0.1185 -0.5538 0.3858, -0.2387 -0.5304 0.3858, 0.1167 -0.5388 0.3858, 0.1168 -0.5353 0.3858, 0.1176 -0.5304 0.3858, 0.1193 -0.521 0.3858, 0.163 -0.5984 0.3858, 0.1635 -0.5994 0.3858, 0.1668 -0.6065 0.3858, 0.1724 -0.6135 0.3858, 0.2147 -0.6206 0.3858, 0.2082 -0.6231 0.3858, 0.3807 -0.689 0.3858, 0.199 -0.6242 0.3858, 0.1975 -0.6242 0.3858, -0.2387 -0.689 0.3858, 0.1886 -0.6228 0.3858, -0.2387 -0.6206 0.3858, 0.1833 -0.6206 0.3858, 0.1798 -0.6191 0.3858, 0.2346 -0.5994 0.3858, 0.2346 -0.5995 0.3858, 0.3807 -0.6206 0.3858, 0.2301 -0.608 0.3858, 0.2242 -0.6146 0.3858, 0.2167 -0.6199 0.3858, 0.2275 -0.5608 0.3858, 0.2784 -0.5343 0.3858, 0.2209 -0.5548 0.3858, 0.2128 -0.5505 0.3858, 0.2865 -0.599 0.3858, 0.284 -0.5982 0.3858, 0.2814 -0.5966 0.3858, 0.2797 -0.595 0.3858, 0.3351 -0.5432 0.3858, 0.3333 -0.5359 0.3858, 0.3304 -0.5304 0.3858, 0.1415 -0.5304 0.3858, 0.281 -0.5785 0.3858, 0.2833 -0.5769 0.3858, 0.2901 -0.5544 0.3858, 0.286 -0.5759 0.3858, 0.3516 -0.5728 0.3858, 0.3448 -0.5821 0.3858, 0.3807 -0.5994 0.3858, 0.3433 -0.5836 0.3858, 0.3333 -0.5916 0.3858, 0.1437 -0.5531 0.3858, 0.1483 -0.5609 0.3858, 0.1676 -0.5648 0.3858, 0.1551 -0.5679 0.3858, 0.1634 -0.573 0.3858, 0.1816 -0.5522 0.3858, 0.1738 -0.5576 0.3858, 0.1406 -0.5381 0.3858, 0.141 -0.5438 0.3858, 0.3574 -0.5348 0.3858, 0.3588 -0.546 0.3858, 0.3807 -0.5304 0.3858, 0.3588 -0.5485 0.3858, 0.3567 -0.5609 0.3858, 0.3216 -0.5969 0.3858, 0.3102 -0.5992 0.3858, 0.2878 -0.5992 0.3858, 0.2768 -0.5874 0.3858, 0.2769 -0.5862 0.3858, 0.237 -0.5825 0.3858, 0.2776 -0.5833 0.3858, 0.279 -0.5807 0.3858, 0.19 -0.549 0.3858, 0.199 -0.5479 0.3858, 0.2037 -0.5482 0.3858, 0.2781 -0.5926 0.3858, 0.2771 -0.59 0.3858, 0.2368 -0.5901 0.3858, 0.237 -0.5863 0.3858, 0.2886 -0.5756 0.3858, 0.289 -0.5757 0.3858, 0.2901 -0.5759 0.3858, 0.3276 -0.5665 0.3858, 0.3318 -0.5606 0.3858, 0.3344 -0.5538 0.3858, 0.3353 -0.5464 0.3858, 0.2909 -0.576 0.3858, 0.308 -0.576 0.3858, 0.3147 -0.5747 0.3858, 0.3214 -0.5716 0.3858, 0.327 -0.5671 0.3858, 0.3023 -0.5148 0.3858, 0.1489 -0.5148 0.3858, 0.3026 -0.5168 0.3858, 0.145 -0.5204 0.3858, 0.1417 -0.5289 0.3858, 0.3057 -0.5168 0.3858, 0.3298 -0.5293 0.3858, 0.3254 -0.5244 0.3858, 0.3195 -0.5202 0.3858, 0.3129 -0.5177 0.3858, 0.1958 -0.5043 0.3858, 0.1987 -0.5058 0.3858, 0.2036 -0.4951 0.3858, 0.2967 -0.4978 0.3858, 0.289 -0.4869 0.3858, 0.3015 -0.5105 0.3858, 0.2838 -0.482 0.3858, 0.273 -0.4749 0.3858, 0.261 -0.4706 0.3858, 0.2495 -0.4694 0.3858, 0.2471 -0.4694 0.3858, 0.2345 -0.4715 0.3858, 0.1873 -0.5012 0.3858, 0.1785 -0.5001 0.3858, 0.1747 -0.5003 0.3858, 0.2222 -0.4767 0.3858, 0.2118 -0.4847 0.3858, 0.1653 -0.5025 0.3858, 0.1568 -0.507 0.3858, 0.1502 -0.5129 0.3858, 0.3473 -0.5148 0.3858, 0.353 -0.5231 0.3858, 0.3557 -0.5304 0.3858, 0.6037 -0.4997 0.3858, 0.5841 -0.4997 0.3858, 0.6091 -0.5143 0.3858, 0.5841 -0.5148 0.3858, 0.6168 -0.5143 0.3858, 0.7874 -0.5148 0.3858, 0.7874 -0.4605 0.3858, 0.5964 -0.4609 0.3858, 0.5841 -0.4605 0.3858, 0.5815 -0.4997 0.3858, 0.5763 -0.5143 0.3858, 0.5672 -0.5148 0.3858, 0.5687 -0.5143 0.3858, 0.5672 -0.4605 0.3858, 0.5841 -0.4739 0.3858, 0.5891 -0.4609 0.3858, 0.5048 -0.4903 0.3858, 0.4904 -0.4903 0.3858, 0.5048 -0.5082 0.3858, 0.4904 -0.5082 0.3858, 0.5173 -0.4605 0.3858, 0.5048 -0.4605 0.3858, 0.511 -0.4609 0.3858, 0.5048 -0.4609 0.3858, 0.511 -0.4671 0.3858, 0.5122 -0.5082 0.3858, 0.5173 -0.5148 0.3858, 0.5122 -0.5143 0.3858, 0.5048 -0.5148 0.3858, 0.5095 -0.4903 0.3858, 0.5095 -0.4842 0.3858, 0.5048 -0.4842 0.3858, 0.5048 -0.4671 0.3858, 0.4904 -0.4671 0.3858, 0.4904 -0.4842 0.3858, 0.4835 -0.4609 0.3858, 0.4804 -0.4605 0.3858, 0.4835 -0.5143 0.3858, 0.4728 -0.4622 0.3858, 0.4673 -0.4606 0.3858, 0.4658 -0.4605 0.3858, 0.5048 -0.5143 0.3858, 0.4728 -0.4694 0.3858, 0.4719 -0.5126 0.3858, 0.4616 -0.509 0.3858, 0.4676 -0.5078 0.3858, 0.4728 -0.5055 0.3858, 0.4728 -0.5121 0.3858, 0.4427 -0.4998 0.3858, 0.4453 -0.5034 0.3858, 0.4464 -0.5045 0.3858, 0.4498 -0.5069 0.3858, 0.4536 -0.5084 0.3858, 0.459 -0.5091 0.3858, 0.4668 -0.467 0.3858, 0.445 -0.4729 0.3858, 0.4722 -0.4691 0.3858, 0.4425 -0.4767 0.3858, 0.4408 -0.4815 0.3858, 0.4602 -0.4662 0.3858, 0.4582 -0.4663 0.3858, 0.4457 -0.4722 0.3858, 0.4535 -0.4672 0.3858, 0.4493 -0.4692 0.3858, 0.4401 -0.4882 0.3858, 0.4402 -0.4902 0.3858, 0.441 -0.4955 0.3858, 0.4352 -0.3983 0.3858, 0.4602 -0.46 0.3858, 0.4804 -0.3983 0.3858, 0.4603 -0.46 0.3858, 0.4342 -0.4789 0.3858, 0.4352 -0.4763 0.3858, 0.4367 -0.4729 0.3858, 0.4406 -0.4679 0.3858, 0.4418 -0.4667 0.3858, 0.4468 -0.4632 0.3858, 0.4352 -0.5008 0.3858, 0.4337 -0.4966 0.3858, 0.432 -0.5148 0.3858, 0.4329 -0.4886 0.3858, 0.433 -0.4858 0.3858, 0.444 -0.5115 0.3858, 0.4397 -0.5079 0.3858, 0.4352 -0.5148 0.3858, 0.4389 -0.507 0.3858, 0.4358 -0.5023 0.3858, 0.458 -0.5152 0.3858, 0.4548 -0.5151 0.3858, 0.4352 -0.5304 0.3858, 0.4534 -0.5148 0.3858, 0.449 -0.5139 0.3858, 0.5643 -0.4966 0.3858, 0.5617 -0.5021 0.3858, 0.5468 -0.4605 0.3858, 0.5468 -0.4622 0.3858, 0.5521 -0.4642 0.3858, 0.5468 -0.5129 0.3858, 0.5468 -0.5148 0.3858, 0.5522 -0.5108 0.3858, 0.5577 -0.5068 0.3858, 0.5577 -0.468 0.3858, 0.5595 -0.4698 0.3858, 0.5629 -0.4744 0.3858, 0.5649 -0.4795 0.3858, 0.5658 -0.4869 0.3858, 0.5656 -0.4903 0.3858, 0.5375 -0.4609 0.3858, 0.5457 -0.4618 0.3858, 0.5462 -0.5132 0.3858, 0.537 -0.5143 0.3858, 0.5223 -0.5143 0.3858, 0.5223 -0.4609 0.3858, 0.4556 -0.5986 0.3858, 0.4533 -0.5994 0.3858, 0.4616 -0.599 0.3858, 0.4403 -0.5808 0.3858, 0.4414 -0.57 0.3858, 0.439 -0.5827 0.3858, 0.4381 -0.5851 0.3858, 0.4581 -0.5971 0.3858, 0.4477 -0.5608 0.3858, 0.4427 -0.5628 0.3858, 0.4414 -0.5635 0.3858, 0.4455 -0.5994 0.3858, 0.443 -0.5984 0.3858, 0.4352 -0.5994 0.3858, 0.4409 -0.5969 0.3858, 0.4424 -0.579 0.3858, 0.4452 -0.5776 0.3858, 0.446 -0.5671 0.3858, 0.4503 -0.5763 0.3858, 0.4562 -0.5657 0.3858, 0.4539 -0.5654 0.3858, 0.4502 -0.5658 0.3858, 0.44 -0.5959 0.3858, 0.4388 -0.594 0.3858, 0.438 -0.5918 0.3858, 0.4616 -0.5931 0.3858, 0.4614 -0.5931 0.3858, 0.4602 -0.5948 0.3858, 0.4784 -0.5667 0.3858, 0.4653 -0.5641 0.3858, 0.4776 -0.5688 0.3858, 0.4667 -0.5663 0.3858, 0.4677 -0.5693 0.3858, 0.4545 -0.56 0.3858, 0.4584 -0.5603 0.3858, 0.4613 -0.5612 0.3858, 0.4616 -0.5748 0.3858, 0.4614 -0.5719 0.3858, 0.4607 -0.5695 0.3858, 0.4599 -0.5681 0.3858, 0.4376 -0.5888 0.3858, 0.4377 -0.588 0.3858, 0.4804 -0.5783 0.3858, 0.4773 -0.5907 0.3858, 0.4804 -0.5784 0.3858, 0.4797 -0.5923 0.3858, 0.4804 -0.5925 0.3858, 0.4804 -0.5304 0.3858, 0.4796 -0.5649 0.3858, 0.4635 -0.5625 0.3858, 0.4589 -0.567 0.3858, 0.4577 -0.5662 0.3858, 0.4793 -0.5772 0.3858, 0.4784 -0.5759 0.3858, 0.4683 -0.5745 0.3858, 0.4777 -0.5739 0.3858, 0.4774 -0.5712 0.3858, 0.4529 -0.5996 0.3858, 0.4804 -0.6206 0.3858, 0.4352 -0.6206 0.3858, 0.4497 -0.5999 0.3858, 0.4487 -0.5999 0.3858, 0.446 -0.5994 0.3858, 0.4773 -0.5977 0.3858, 0.4683 -0.599 0.3858, 0.4804 -0.5987 0.3858, 0.4804 -0.5994 0.3858, 0.482 -0.5993 0.3858, 0.4834 -0.5994 0.3858, 0.4877 -0.5999 0.3858, 0.5012 -0.5617 0.3858, 0.5012 -0.5682 0.3858, 0.5028 -0.5912 0.3858, 0.502 -0.5933 0.3858, 0.5008 -0.5951 0.3858, 0.4804 -0.5641 0.3858, 0.4817 -0.563 0.3858, 0.4833 -0.562 0.3858, 0.4868 -0.5606 0.3858, 0.4922 -0.56 0.3858, 0.5048 -0.5304 0.3858, 0.4969 -0.5604 0.3858, 0.5008 -0.5823 0.3858, 0.502 -0.584 0.3858, 0.5028 -0.586 0.3858, 0.5031 -0.5886 0.3858, 0.4988 -0.5969 0.3858, 0.4969 -0.598 0.3858, 0.4916 -0.5654 0.3858, 0.4896 -0.5656 0.3858, 0.4843 -0.5706 0.3858, 0.4878 -0.566 0.3858, 0.4863 -0.5668 0.3858, 0.4843 -0.5714 0.3858, 0.4846 -0.5725 0.3858, 0.4851 -0.5734 0.3858, 0.4857 -0.5741 0.3858, 0.4881 -0.5756 0.3858, 0.4962 -0.566 0.3858, 0.4922 -0.5774 0.3858, 0.5 -0.5675 0.3858, 0.4948 -0.5784 0.3858, 0.4992 -0.5809 0.3858, 0.4853 -0.5677 0.3858, 0.4847 -0.5686 0.3858, 0.4844 -0.5695 0.3858, 0.4839 -0.5939 0.3858, 0.4875 -0.5822 0.3858, 0.4835 -0.5804 0.3858, 0.4883 -0.5944 0.3858, 0.4886 -0.5944 0.3858, 0.4919 -0.5841 0.3858, 0.4921 -0.594 0.3858, 0.4962 -0.5893 0.3858, 0.4961 -0.5884 0.3858, 0.4938 -0.5934 0.3858, 0.4944 -0.593 0.3858, 0.4952 -0.5924 0.3858, 0.4957 -0.5915 0.3858, 0.4961 -0.5905 0.3858, 0.4958 -0.5874 0.3858, 0.4953 -0.5865 0.3858, 0.4945 -0.5856 0.3858, 0.5362 -0.5609 0.3858, 0.5432 -0.5609 0.3858, 0.5468 -0.5304 0.3858, 0.524 -0.5895 0.3858, 0.5248 -0.5927 0.3858, 0.525 -0.5927 0.3858, 0.5173 -0.5304 0.3858, 0.5173 -0.5701 0.3858, 0.5258 -0.5896 0.3858, 0.5253 -0.5914 0.3858, 0.5173 -0.5994 0.3858, 0.5173 -0.5881 0.3858, 0.5066 -0.5609 0.3858, 0.514 -0.5609 0.3858, 0.5215 -0.5989 0.3858, 0.5213 -0.5994 0.3858, 0.5186 -0.6058 0.3858, 0.5048 -0.6206 0.3858, 0.5079 -0.6164 0.3858, 0.5079 -0.6105 0.3858, 0.5093 -0.6109 0.3858, 0.5117 -0.6112 0.3858, 0.5122 -0.6112 0.3858, 0.5137 -0.6109 0.3858, 0.5152 -0.6103 0.3858, 0.5159 -0.6097 0.3858, 0.5172 -0.6084 0.3858, 0.5173 -0.6082 0.3858, 0.5173 -0.6158 0.3858, 0.515 -0.6166 0.3858, 0.5173 -0.6206 0.3858, 0.5122 -0.6169 0.3858, 0.5106 -0.6169 0.3858, 0.5259 -0.6047 0.3858, 0.5228 -0.6107 0.3858, 0.5468 -0.6206 0.3858, 0.5279 -0.5994 0.3858, 0.5204 -0.6136 0.3858, 0.5199 -0.614 0.3858, 0.5176 -0.6156 0.3858, 0.5672 -0.5749 0.3858, 0.5572 -0.5749 0.3858, 0.5672 -0.5929 0.3858, 0.5572 -0.5929 0.3858, 0.5779 -0.5456 0.3858, 0.5779 -0.5517 0.3858, 0.5841 -0.5304 0.3858, 0.5791 -0.5929 0.3858, 0.5841 -0.5994 0.3858, 0.5791 -0.599 0.3858, 0.5672 -0.5994 0.3858, 0.5763 -0.5749 0.3858, 0.5763 -0.5688 0.3858, 0.5672 -0.5688 0.3858, 0.5672 -0.5517 0.3858, 0.5572 -0.5517 0.3858, 0.5572 -0.5688 0.3858, 0.5672 -0.599 0.3858, 0.5504 -0.599 0.3858, 0.5468 -0.5994 0.3858, 0.5504 -0.5456 0.3858, 0.5672 -0.5456 0.3858, 0.5672 -0.5304 0.3858, 0.5841 -0.3983 0.3858, 0.5672 0.689 0.3858, 0.5672 -0.3983 0.3858, 0.5468 0.689 0.3858, 0.5468 -0.3983 0.3858, 0.5173 0.689 0.3858, 0.5173 -0.3983 0.3858, 0.5048 0.689 0.3858, 0.5048 -0.3983 0.3858, 0.4804 0.689 0.3858, 0.4352 0.689 0.3858, -0.657 -0.3499 0.3858, -0.6733 -0.3478 0.3858, -0.7874 -0.3983 0.3858, -0.6885 -0.3415 0.3858, -0.7015 -0.3315 0.3858, -0.7115 -0.3184 0.3858, -0.7178 -0.3032 0.3858, -0.5961 -0.2706 0.3858, -0.594 -0.2869 0.3858, -0.5961 -0.3032 0.3858, -0.6024 -0.3184 0.3858, -0.72 -0.2869 0.3858, -0.7178 -0.2706 0.3858, -0.7874 0.689 0.3858, -0.6255 -0.2324 0.3858, -0.6124 -0.2424 0.3858, -0.2387 0.689 0.3858, -0.6024 -0.2554 0.3858, -0.6124 -0.3315 0.3858, -0.6255 -0.3415 0.3858, -0.6407 -0.3478 0.3858, -0.7115 -0.2554 0.3858, -0.7015 -0.2424 0.3858, -0.6885 -0.2324 0.3858, -0.6733 -0.2261 0.3858, -0.657 -0.2239 0.3858, -0.6407 -0.2261 0.3858, 0.4307 -0.5082 0.3858, 0.4307 -0.5143 0.3858, 0.4025 -0.5143 0.3858, 0.4025 -0.4609 0.3858, 0.4094 -0.4609 0.3858, 0.4094 -0.5082 0.3858, 0.432 -0.5304 0.3858, 0.6432 -0.599 0.3858, 0.6356 -0.599 0.3858, 0.676 -0.599 0.3858, 0.6705 -0.5844 0.3858, 0.6483 -0.5844 0.3858, 0.6836 -0.599 0.3858, 0.7874 -0.5994 0.3858, 0.6633 -0.5456 0.3858, 0.7874 -0.5304 0.3858, 0.6312 -0.5812 0.3858, 0.6325 -0.575 0.3858, 0.6559 -0.5456 0.3858, 0.6326 -0.5716 0.3858, 0.6317 -0.5642 0.3858, 0.6285 -0.5868 0.3858, 0.6246 -0.5915 0.3858, 0.6191 -0.5955 0.3858, 0.5892 -0.5456 0.3858, 0.5892 -0.599 0.3858, 0.6038 -0.599 0.3858, 0.613 -0.5979 0.3858, 0.6246 -0.5527 0.3858, 0.6264 -0.5545 0.3858, 0.6297 -0.5591 0.3858, 0.6044 -0.5456 0.3858, 0.6125 -0.5465 0.3858, 0.619 -0.5489 0.3858, 0.432 -0.5994 0.3858, 0.4025 -0.599 0.3858, 0.4312 -0.599 0.3858, 0.4312 -0.5929 0.3858, 0.43 -0.5517 0.3858, 0.4025 -0.5456 0.3858, 0.43 -0.5456 0.3858, 0.4094 -0.5749 0.3858, 0.4094 -0.5929 0.3858, 0.4285 -0.5749 0.3858, 0.4285 -0.5688 0.3858, 0.4094 -0.5688 0.3858, 0.4094 -0.5517 0.3858, 0.5672 -0.6206 0.3858, 0.5841 -0.6206 0.3858, 0.7874 -0.6206 0.3858, 0.432 -0.6206 0.3858, 0.432 -0.689 0.3858, 0.4352 -0.689 0.3858, 0.4804 -0.689 0.3858, 0.5048 -0.689 0.3858, 0.5173 -0.689 0.3858, 0.5468 -0.689 0.3858, 0.5672 -0.689 0.3858, 0.5841 -0.689 0.3858, 0.7874 -0.689 0.3858, -0.7874 -0.4605 0.3858, -0.7874 -0.5148 0.3858, -0.7874 -0.5304 0.3858, -0.7874 -0.5994 0.3858, -0.7874 -0.6206 0.3858, -0.7874 -0.689 0.3858, -0.6811 0.3445 0.0315, -0.7874 0.3445 0.0315, -0.7874 0.689 0.0315, 0.6811 -0.3445 0.0315, 0.7874 -0.3445 0.0315, 0.7874 -0.689 0.0315, -0.3177 -0.5401 0.0315, -0.3267 -0.5457 0.0315, -0.4921 -0.4134 0.0315, 0.5402 -0.5722 0.0315, 0.5413 -0.5827 0.0315, 0.5413 -0.689 0.0315, 0.6355 0.3095 0.0315, 0.4921 0.4134 0.0315, 0.6402 0.3209 0.0315, 0.6477 0.3307 0.0315, 0.5046 0.5366 0.0315, 0.5146 0.5401 0.0315, -0.6355 -0.3095 0.0315, -0.6402 -0.3209 0.0315, -0.6477 -0.3307 0.0315, 0.5236 -0.5457 0.0315, 0.4921 -0.4134 0.0315, 0.531 -0.5532 0.0315, 0.5367 -0.5622 0.0315, -0.3342 -0.5532 0.0315, -0.4476 -0.5622 0.0315, -0.3398 -0.5622 0.0315, -0.3433 -0.5722 0.0315, 0.7874 0.3445 0.0315, 0.6811 0.3445 0.0315, 0.7874 0.689 0.0315, 0.6689 0.3429 0.0315, 0.6575 0.3382 0.0315, 0.6355 0.2811 0.0315, 0.6402 0.2697 0.0315, 0.6402 -0.2697 0.0315, 0.6477 0.2599 0.0315, 0.6355 -0.2811 0.0315, 0.6339 -0.2933 0.0315, -0.5402 0.5722 0.0315, -0.5413 0.5827 0.0315, -0.5413 0.689 0.0315, -0.3342 0.5532 0.0315, -0.3267 0.5457 0.0315, -0.4476 0.5622 0.0315, -0.3177 0.5401 0.0315, -0.3078 0.5366 0.0315, -0.6402 -0.2697 0.0315, -0.4921 0.4134 0.0315, -0.6355 -0.2811 0.0315, 0.5146 -0.5401 0.0315, 0.5046 -0.5366 0.0315, 0.4941 -0.5354 0.0315, 0.4607 -0.5457 0.0315, 0.4697 -0.5401 0.0315, 0.2639 -0.5457 0.0315, 0.2728 -0.5401 0.0315, 0.2828 -0.5366 0.0315, -0.1109 -0.5366 0.0315, -0.1209 -0.5401 0.0315, -0.2507 -0.5622 0.0315, -0.1298 -0.5457 0.0315, -0.1373 -0.5532 0.0315, -0.2728 -0.5401 0.0315, -0.1004 -0.5354 0.0315, -0.2639 -0.5457 0.0315, -0.2564 -0.5532 0.0315, -0.076 -0.5401 0.0315, 0.0965 -0.5354 0.0315, 0.0859 -0.5366 0.0315, -0.4532 -0.5532 0.0315, -0.4607 -0.5457 0.0315, -0.5413 -0.689 0.0315, -0.7874 -0.689 0.0315, -0.5413 -0.5827 0.0315, -0.5402 -0.5722 0.0315, 0.6575 -0.2524 0.0315, 0.6477 -0.2599 0.0315, 0.6689 0.2477 0.0315, 0.6575 0.2524 0.0315, 0.6339 -0.2972 0.0315, 0.6355 -0.3095 0.0315, 0.6402 -0.3209 0.0315, -0.5367 0.5622 0.0315, -0.531 0.5532 0.0315, -0.5236 0.5457 0.0315, -0.5146 0.5401 0.0315, -0.7874 -0.3445 0.0315, -0.6811 -0.3445 0.0315, -0.6689 -0.3429 0.0315, -0.6575 -0.3382 0.0315, -0.6339 -0.2972 0.0315, -0.6339 -0.2933 0.0315, -0.6402 0.2697 0.0315, -0.6477 -0.2599 0.0315, 0.4902 -0.5354 0.0315, 0.4796 -0.5366 0.0315, -0.3445 -0.689 0.0315, -0.4429 -0.689 0.0315, -0.3445 -0.5827 0.0315, -0.4429 -0.5827 0.0315, -0.4441 -0.5722 0.0315, -0.4697 -0.5401 0.0315, -0.4796 -0.5366 0.0315, -0.4902 -0.5354 0.0315, -0.5146 -0.5401 0.0315, -0.5236 -0.5457 0.0315, -0.531 -0.5532 0.0315, -0.5367 -0.5622 0.0315, 0.6339 0.2972 0.0315, 0.6339 0.2933 0.0315, 0.6477 -0.3307 0.0315, 0.6575 -0.3382 0.0315, 0.6689 -0.3429 0.0315, -0.5046 0.5366 0.0315, -0.4941 0.5354 0.0315, -0.4902 0.5354 0.0315, 0.5413 0.689 0.0315, 0.5413 0.5827 0.0315, 0.5402 0.5722 0.0315, -0.6575 -0.2524 0.0315, -0.6689 -0.2477 0.0315, -0.6477 0.2599 0.0315, -0.6575 0.2524 0.0315, -0.6355 0.2811 0.0315, -0.6339 0.2933 0.0315, 0.4532 -0.5532 0.0315, 0.3177 -0.5401 0.0315, 0.4476 -0.5622 0.0315, 0.3267 -0.5457 0.0315, 0.4441 -0.5722 0.0315, 0.3342 -0.5532 0.0315, 0.3078 -0.5366 0.0315, 0.2972 -0.5354 0.0315, 0.2933 -0.5354 0.0315, -0.2828 -0.5366 0.0315, -0.2933 -0.5354 0.0315, -0.4941 -0.5354 0.0315, -0.5046 -0.5366 0.0315, 0.7874 0.2461 0.0315, 0.7874 -0.2461 0.0315, 0.6811 0.2461 0.0315, 0.6811 -0.2461 0.0315, 0.6689 -0.2477 0.0315, 0.5236 0.5457 0.0315, 0.531 0.5532 0.0315, 0.5367 0.5622 0.0315, -0.6339 0.2972 0.0315, -0.6355 0.3095 0.0315, -0.6402 0.3209 0.0315, 0.4429 -0.5827 0.0315, 0.4429 -0.689 0.0315, 0.3445 -0.689 0.0315, -0.1476 -0.5827 0.0315, -0.1476 -0.689 0.0315, -0.2461 -0.689 0.0315, -0.0595 -0.5532 0.0315, 0.067 -0.5457 0.0315, -0.0539 -0.5622 0.0315, 0.0595 -0.5532 0.0315, 0.076 -0.5401 0.0315, -0.067 -0.5457 0.0315, 0.2564 -0.5532 0.0315, 0.143 -0.5622 0.0315, 0.1373 -0.5532 0.0315, 0.1298 -0.5457 0.0315, -0.2972 -0.5354 0.0315, -0.3078 -0.5366 0.0315, 0.4441 0.5722 0.0315, 0.3267 0.5457 0.0315, 0.3342 0.5532 0.0315, -0.4429 0.689 0.0315, -0.3445 0.689 0.0315, -0.4429 0.5827 0.0315, -0.3445 0.5827 0.0315, -0.4441 0.5722 0.0315, -0.3433 0.5722 0.0315, -0.3398 0.5622 0.0315, -0.6477 0.3307 0.0315, -0.6575 0.3382 0.0315, -0.6689 0.3429 0.0315, 0.3445 -0.5827 0.0315, 0.3433 -0.5722 0.0315, 0.3398 -0.5622 0.0315, -0.143 -0.5622 0.0315, -0.1465 -0.5722 0.0315, -0.2472 -0.5722 0.0315, -0.2461 -0.5827 0.0315, 0.2461 -0.5827 0.0315, 0.2461 -0.689 0.0315, 0.1476 -0.689 0.0315, -0.1298 0.5457 0.0315, -0.2728 0.5401 0.0315, -0.2639 0.5457 0.0315, 0.4796 0.5366 0.0315, 0.4902 0.5354 0.0315, 0.4941 0.5354 0.0315, -0.7874 -0.2461 0.0315, -0.7874 0.2461 0.0315, -0.6811 -0.2461 0.0315, -0.6811 0.2461 0.0315, -0.6689 0.2477 0.0315, 0.2507 -0.5622 0.0315, 0.2472 -0.5722 0.0315, 0.1465 -0.5722 0.0315, 0.1476 -0.5827 0.0315, -0.0859 -0.5366 0.0315, -0.0965 -0.5354 0.0315, -0.2828 0.5366 0.0315, -0.2933 0.5354 0.0315, -0.143 0.5622 0.0315, -0.2507 0.5622 0.0315, -0.2472 0.5722 0.0315, -0.2564 0.5532 0.0315, -0.1373 0.5532 0.0315, -0.1209 0.5401 0.0315, -0.1109 0.5366 0.0315, -0.1004 0.5354 0.0315, -0.0965 0.5354 0.0315, -0.0859 0.5366 0.0315, 0.067 0.5457 0.0315, -0.076 0.5401 0.0315, -0.067 0.5457 0.0315, 0.0539 0.5622 0.0315, -0.0539 0.5622 0.0315, -0.0504 0.5722 0.0315, -0.0595 0.5532 0.0315, 0.0595 0.5532 0.0315, 0.2972 0.5354 0.0315, 0.3078 0.5366 0.0315, 0.4607 0.5457 0.0315, 0.3177 0.5401 0.0315, 0.4532 0.5532 0.0315, 0.0492 -0.5827 0.0315, 0.0492 -0.689 0.0315, -0.0492 -0.689 0.0315, 0.1209 -0.5401 0.0315, 0.1109 -0.5366 0.0315, 0.1004 -0.5354 0.0315, -0.4796 0.5366 0.0315, -0.4697 0.5401 0.0315, -0.4607 0.5457 0.0315, 0.076 0.5401 0.0315, 0.0859 0.5366 0.0315, 0.0965 0.5354 0.0315, 0.2507 0.5622 0.0315, 0.1209 0.5401 0.0315, 0.2472 0.5722 0.0315, 0.1298 0.5457 0.0315, 0.1373 0.5532 0.0315, 0.1004 0.5354 0.0315, 0.1109 0.5366 0.0315, 0.2639 0.5457 0.0315, 0.2564 0.5532 0.0315, 0.3445 0.689 0.0315, 0.4429 0.689 0.0315, 0.3445 0.5827 0.0315, 0.4429 0.5827 0.0315, 0.3433 0.5722 0.0315, 0.3398 0.5622 0.0315, 0.2728 0.5401 0.0315, 0.2828 0.5366 0.0315, 0.2933 0.5354 0.0315, 0.4476 0.5622 0.0315, 0.0539 -0.5622 0.0315, 0.0504 -0.5722 0.0315, -0.0504 -0.5722 0.0315, -0.0492 -0.5827 0.0315, -0.2972 0.5354 0.0315, -0.4532 0.5532 0.0315, 0.4697 0.5401 0.0315, -0.2461 0.689 0.0315, -0.1476 0.689 0.0315, -0.2461 0.5827 0.0315, -0.1476 0.5827 0.0315, -0.1465 0.5722 0.0315, -0.0492 0.689 0.0315, 0.0492 0.689 0.0315, -0.0492 0.5827 0.0315, 0.0492 0.5827 0.0315, 0.0504 0.5722 0.0315, 0.1476 0.689 0.0315, 0.2461 0.689 0.0315, 0.1476 0.5827 0.0315, 0.2461 0.5827 0.0315, 0.1465 0.5722 0.0315, 0.143 0.5622 0.0315, -0.2461 -0.689 0.0787, -0.1476 -0.689 0.0787, -0.0492 -0.689 0.0787, -0.5413 -0.689 0.0787, -0.4429 -0.689 0.0787, -0.3445 -0.689 0.0787, 0.1476 -0.689 0.0787, 0.2461 -0.689 0.0787, 0.3445 -0.689 0.0787, 0.0492 -0.689 0.0787, 0.5413 -0.689 0.0787, 0.4429 -0.689 0.0787, -0.7874 0.2461 0.0787, -0.7874 0.3445 0.0787, -0.7874 -0.3445 0.0787, -0.7874 -0.2461 0.0787, 0.7874 0.3445 0.0787, 0.7874 0.2461 0.0787, 0.7874 -0.3445 0.0787, 0.7874 -0.2461 0.0787, 0.5413 0.689 0.0787, 0.4429 0.689 0.0787, 0.2461 0.689 0.0787, 0.1476 0.689 0.0787, 0.0492 0.689 0.0787, 0.3445 0.689 0.0787, -0.1476 0.689 0.0787, -0.2461 0.689 0.0787, -0.3445 0.689 0.0787, -0.0492 0.689 0.0787, -0.5413 0.689 0.0787, -0.4429 0.689 0.0787
            ]
        }
        coordIndex [
            0,1,2,-1,1,3,4,-1,5,6,7,-1,8,9,10,-1,11,12,13,-1,14,15,16,-1,17,18,19,-1,19,18,20,-1,21,22,19,-1,19,22,23,-1,19,23,24,-1,24,25,19,-1,19,25,26,-1,19,26,17,-1,27,28,29,-1,29,28,30,-1,29,30,2,-1,2,30,31,-1,27,29,32,-1,32,29,33,-1,32,33,34,-1,35,36,33,-1,33,36,37,-1,33,37,38,-1,33,39,34,-1,34,39,40,-1,34,40,41,-1,41,40,42,-1,41,42,43,-1,38,44,33,-1,33,44,45,-1,33,45,39,-1,46,47,48,-1,48,47,49,-1,49,50,48,-1,48,50,51,-1,48,51,52,-1,52,51,53,-1,53,54,52,-1,52,54,55,-1,52,55,35,-1,35,55,56,-1,35,56,36,-1,57,46,58,-1,58,46,48,-1,58,48,59,-1,59,48,60,-1,61,62,63,-1,62,64,63,-1,63,64,65,-1,63,65,66,-1,66,65,67,-1,66,67,68,-1,68,67,69,-1,68,69,48,-1,48,69,70,-1,48,70,60,-1,71,72,73,-1,73,72,74,-1,74,75,73,-1,73,75,76,-1,73,76,61,-1,77,78,79,-1,79,78,80,-1,81,82,71,-1,71,82,83,-1,71,83,84,-1,85,86,78,-1,78,86,87,-1,78,87,88,-1,89,90,91,-1,91,90,92,-1,93,94,95,-1,95,94,96,-1,95,96,97,-1,98,99,100,-1,100,99,101,-1,100,101,102,-1,103,88,104,-1,104,88,105,-1,104,105,100,-1,100,105,106,-1,100,106,98,-1,107,108,109,-1,109,108,110,-1,109,110,95,-1,95,110,111,-1,95,111,93,-1,97,112,95,-1,95,112,113,-1,95,113,71,-1,71,113,114,-1,71,114,81,-1,115,116,117,-1,117,116,118,-1,117,118,91,-1,91,118,119,-1,91,119,89,-1,103,120,88,-1,88,120,121,-1,88,121,78,-1,78,121,122,-1,78,122,80,-1,84,123,71,-1,71,123,124,-1,71,124,125,-1,125,124,115,-1,125,115,126,-1,126,115,117,-1,92,127,91,-1,91,127,128,-1,91,128,129,-1,130,131,91,-1,91,131,132,-1,91,132,78,-1,78,132,133,-1,78,133,85,-1,129,134,91,-1,91,134,135,-1,91,135,136,-1,136,137,91,-1,91,137,138,-1,91,138,130,-1,139,140,141,-1,141,140,142,-1,141,142,143,-1,143,88,141,-1,141,88,87,-1,141,87,144,-1,144,87,145,-1,145,146,144,-1,144,146,147,-1,144,147,148,-1,149,140,150,-1,150,140,139,-1,150,139,151,-1,152,153,154,-1,154,153,155,-1,154,155,139,-1,139,155,156,-1,139,156,157,-1,157,158,139,-1,139,158,159,-1,139,159,160,-1,149,161,140,-1,140,161,162,-1,140,162,163,-1,160,164,139,-1,139,164,165,-1,139,165,151,-1,166,167,163,-1,163,167,168,-1,163,168,140,-1,18,169,20,-1,20,169,170,-1,20,170,109,-1,109,170,171,-1,109,171,107,-1,172,173,174,-1,174,173,175,-1,174,175,176,-1,177,178,179,-1,179,178,180,-1,173,181,175,-1,175,181,182,-1,175,182,183,-1,183,182,184,-1,183,184,185,-1,185,184,186,-1,185,186,180,-1,180,186,187,-1,180,187,179,-1,188,189,190,-1,190,189,191,-1,192,193,194,-1,194,193,195,-1,194,196,192,-1,192,196,197,-1,192,197,198,-1,198,197,199,-1,198,199,200,-1,188,190,201,-1,201,190,197,-1,201,197,202,-1,202,197,196,-1,202,196,203,-1,196,204,203,-1,203,204,205,-1,203,205,206,-1,195,193,207,-1,207,193,208,-1,207,208,209,-1,210,208,211,-1,211,208,212,-1,199,213,200,-1,200,213,209,-1,200,209,16,-1,16,209,208,-1,16,208,214,-1,214,208,210,-1,14,16,215,-1,216,217,214,-1,214,217,218,-1,214,218,16,-1,16,218,219,-1,16,219,215,-1,220,221,214,-1,214,221,222,-1,214,222,223,-1,223,224,214,-1,214,224,225,-1,214,225,216,-1,226,227,228,-1,228,227,229,-1,228,229,230,-1,226,231,227,-1,227,231,232,-1,227,232,233,-1,233,232,234,-1,233,234,235,-1,230,236,228,-1,228,236,237,-1,228,237,214,-1,214,237,238,-1,214,238,220,-1,13,12,239,-1,239,12,240,-1,239,240,241,-1,241,240,242,-1,241,242,212,-1,243,244,13,-1,13,244,245,-1,13,245,246,-1,246,247,13,-1,13,247,248,-1,13,248,11,-1,249,250,251,-1,251,250,252,-1,252,253,0,-1,254,255,256,-1,256,255,257,-1,256,257,258,-1,259,260,261,-1,261,260,262,-1,261,262,256,-1,256,262,263,-1,256,263,254,-1,264,265,183,-1,266,267,185,-1,185,267,268,-1,269,270,271,-1,271,270,183,-1,271,183,272,-1,272,183,265,-1,268,273,185,-1,185,273,274,-1,185,274,275,-1,275,276,185,-1,185,276,277,-1,185,277,183,-1,183,277,278,-1,183,278,264,-1,192,279,266,-1,266,279,280,-1,266,280,267,-1,269,281,270,-1,270,281,282,-1,270,282,198,-1,198,282,283,-1,198,283,192,-1,192,283,284,-1,192,284,279,-1,285,286,287,-1,288,289,290,-1,290,289,291,-1,285,287,292,-1,293,261,294,-1,294,261,295,-1,296,297,298,-1,298,297,299,-1,288,300,289,-1,289,300,301,-1,289,301,302,-1,302,301,303,-1,304,305,303,-1,303,305,306,-1,303,306,302,-1,299,307,298,-1,298,307,308,-1,298,308,309,-1,310,311,287,-1,287,311,312,-1,287,312,292,-1,313,314,315,-1,315,314,316,-1,315,316,317,-1,293,318,261,-1,261,318,319,-1,261,319,320,-1,321,322,303,-1,303,322,323,-1,303,323,324,-1,309,325,298,-1,298,325,326,-1,298,326,261,-1,261,326,291,-1,261,291,295,-1,295,291,289,-1,327,328,329,-1,329,328,330,-1,329,330,331,-1,15,259,332,-1,332,259,261,-1,332,261,333,-1,333,261,320,-1,333,320,313,-1,313,320,334,-1,313,334,314,-1,324,335,303,-1,303,335,336,-1,303,336,304,-1,337,338,339,-1,339,338,340,-1,339,340,317,-1,317,340,341,-1,317,341,315,-1,286,342,343,-1,343,342,344,-1,342,345,344,-1,344,345,346,-1,344,346,347,-1,327,337,328,-1,328,337,339,-1,328,339,348,-1,348,339,349,-1,348,349,350,-1,350,349,351,-1,350,351,352,-1,352,351,353,-1,354,353,343,-1,343,353,351,-1,343,351,286,-1,286,351,349,-1,286,349,287,-1,355,356,10,-1,357,358,10,-1,10,358,359,-1,333,360,332,-1,332,360,361,-1,332,361,362,-1,362,363,332,-1,332,363,364,-1,332,364,365,-1,365,364,366,-1,365,366,355,-1,367,368,356,-1,356,368,369,-1,356,369,10,-1,10,369,370,-1,10,370,357,-1,359,371,10,-1,10,371,372,-1,10,372,8,-1,373,374,375,-1,375,374,376,-1,375,376,377,-1,375,378,373,-1,373,378,379,-1,373,379,380,-1,380,381,373,-1,373,381,382,-1,373,382,383,-1,383,382,384,-1,383,384,385,-1,385,384,386,-1,385,386,356,-1,356,386,387,-1,356,387,367,-1,388,389,377,-1,377,389,390,-1,377,390,375,-1,391,392,331,-1,331,392,393,-1,331,393,329,-1,391,394,392,-1,392,394,395,-1,392,395,396,-1,396,395,397,-1,396,398,399,-1,397,400,396,-1,396,400,401,-1,396,401,402,-1,402,403,396,-1,396,403,404,-1,396,404,398,-1,399,405,396,-1,396,405,406,-1,396,406,407,-1,408,409,410,-1,411,412,413,-1,410,414,408,-1,408,414,415,-1,408,415,416,-1,416,415,411,-1,416,411,417,-1,417,411,413,-1,418,419,10,-1,10,419,420,-1,355,10,365,-1,365,10,420,-1,365,420,414,-1,414,420,421,-1,414,421,415,-1,422,419,423,-1,423,419,418,-1,423,418,424,-1,425,426,427,-1,428,429,10,-1,354,343,9,-1,9,343,425,-1,9,425,10,-1,10,425,427,-1,10,427,428,-1,429,430,10,-1,10,430,431,-1,10,431,432,-1,432,433,10,-1,10,433,434,-1,10,434,418,-1,418,434,435,-1,418,435,424,-1,436,437,438,-1,438,437,439,-1,438,439,425,-1,425,439,440,-1,425,440,426,-1,441,442,443,-1,441,443,444,-1,442,445,443,-1,443,445,446,-1,443,446,438,-1,438,446,447,-1,438,447,436,-1,448,449,450,-1,450,449,451,-1,452,453,454,-1,454,453,455,-1,454,455,456,-1,456,455,457,-1,456,457,458,-1,448,450,459,-1,459,450,455,-1,459,455,460,-1,460,455,453,-1,460,453,461,-1,453,462,461,-1,461,462,463,-1,461,463,464,-1,457,465,458,-1,458,465,466,-1,458,466,467,-1,467,466,468,-1,452,454,469,-1,469,454,470,-1,469,470,468,-1,468,470,410,-1,468,410,467,-1,467,410,409,-1,467,409,444,-1,5,7,471,-1,471,7,472,-1,471,472,473,-1,473,472,474,-1,473,474,475,-1,475,474,476,-1,475,476,477,-1,477,476,478,-1,477,478,479,-1,479,478,480,-1,479,480,241,-1,241,480,481,-1,241,481,239,-1,482,483,484,-1,484,483,485,-1,485,486,484,-1,484,486,487,-1,484,487,488,-1,489,490,29,-1,29,490,491,-1,29,491,492,-1,488,493,484,-1,484,493,494,-1,484,494,495,-1,496,497,498,-1,498,497,499,-1,492,500,29,-1,29,500,501,-1,29,501,502,-1,494,503,495,-1,495,503,504,-1,495,504,505,-1,505,506,495,-1,495,506,507,-1,495,507,498,-1,498,507,508,-1,498,508,496,-1,1,4,2,-1,2,4,498,-1,2,498,29,-1,29,498,499,-1,29,499,489,-1,212,208,241,-1,241,208,193,-1,241,193,479,-1,479,193,192,-1,479,192,477,-1,477,192,266,-1,477,266,475,-1,475,266,185,-1,475,185,473,-1,473,185,180,-1,473,180,471,-1,471,180,178,-1,471,178,5,-1,481,3,239,-1,239,3,1,-1,239,1,13,-1,13,1,0,-1,13,0,243,-1,243,0,253,-1,252,0,251,-1,251,0,509,-1,251,509,510,-1,20,511,19,-1,19,511,512,-1,19,512,513,-1,514,509,513,-1,513,509,0,-1,513,0,19,-1,19,0,2,-1,19,2,21,-1,21,2,31,-1,15,332,16,-1,16,332,365,-1,16,365,200,-1,200,365,414,-1,200,414,198,-1,198,414,410,-1,198,410,270,-1,270,410,470,-1,270,470,183,-1,183,470,454,-1,183,454,175,-1,510,511,251,-1,251,511,20,-1,251,20,515,-1,515,20,109,-1,516,517,456,-1,518,519,520,-1,520,516,518,-1,518,516,456,-1,518,456,521,-1,521,456,522,-1,521,522,523,-1,523,522,524,-1,525,517,526,-1,526,517,527,-1,526,527,528,-1,528,527,529,-1,525,530,517,-1,517,530,531,-1,517,531,532,-1,533,454,534,-1,534,454,456,-1,534,456,535,-1,535,456,517,-1,535,517,536,-1,536,517,532,-1,179,176,177,-1,177,176,175,-1,177,175,524,-1,524,175,454,-1,524,454,523,-1,523,454,527,-1,537,538,527,-1,527,538,539,-1,527,539,529,-1,533,540,454,-1,454,540,541,-1,454,541,527,-1,527,541,542,-1,527,542,537,-1,258,249,256,-1,256,249,251,-1,256,251,261,-1,261,251,515,-1,261,515,298,-1,298,515,543,-1,95,543,544,-1,544,543,545,-1,545,543,546,-1,546,543,515,-1,546,515,547,-1,95,544,109,-1,109,544,548,-1,109,548,515,-1,515,548,549,-1,515,549,547,-1,550,551,552,-1,552,551,546,-1,552,546,553,-1,553,546,547,-1,553,547,554,-1,554,547,555,-1,444,443,467,-1,467,443,556,-1,467,556,458,-1,458,556,557,-1,458,557,456,-1,456,557,558,-1,456,558,522,-1,71,73,95,-1,95,73,559,-1,95,559,543,-1,543,559,344,-1,543,344,298,-1,298,344,347,-1,298,347,296,-1,61,63,73,-1,73,63,560,-1,73,560,559,-1,559,560,561,-1,559,561,344,-1,344,561,562,-1,344,562,343,-1,343,562,563,-1,343,563,425,-1,425,563,564,-1,425,564,438,-1,438,564,565,-1,438,565,443,-1,443,565,566,-1,443,566,556,-1,556,566,567,-1,556,567,557,-1,557,567,568,-1,557,568,558,-1,502,482,29,-1,29,482,484,-1,29,484,33,-1,33,484,569,-1,33,569,35,-1,35,569,570,-1,35,570,52,-1,52,570,571,-1,52,571,48,-1,48,571,572,-1,48,572,68,-1,68,572,573,-1,68,573,66,-1,66,573,574,-1,575,576,577,-1,578,579,580,-1,581,582,583,-1,584,580,585,-1,585,580,586,-1,587,588,589,-1,589,588,590,-1,591,592,588,-1,593,583,594,-1,594,583,595,-1,596,597,598,-1,598,597,580,-1,598,580,599,-1,599,580,584,-1,582,600,601,-1,601,600,602,-1,601,602,603,-1,604,605,606,-1,606,605,607,-1,606,607,588,-1,588,607,608,-1,588,608,590,-1,609,610,611,-1,611,610,612,-1,597,613,614,-1,615,577,616,-1,616,577,617,-1,618,619,620,-1,620,619,621,-1,620,621,622,-1,623,624,625,-1,625,624,583,-1,596,626,597,-1,597,626,627,-1,597,627,628,-1,629,583,630,-1,630,583,597,-1,631,583,632,-1,632,583,633,-1,634,635,636,-1,636,635,637,-1,636,637,638,-1,639,640,641,-1,641,640,634,-1,641,634,642,-1,642,634,636,-1,643,644,645,-1,601,646,582,-1,582,646,647,-1,582,647,583,-1,648,649,650,-1,650,649,651,-1,613,597,611,-1,611,597,588,-1,611,588,609,-1,652,653,654,-1,654,653,611,-1,654,611,655,-1,655,611,612,-1,614,656,597,-1,597,656,657,-1,597,657,658,-1,615,659,577,-1,577,659,660,-1,577,660,624,-1,624,660,661,-1,624,661,662,-1,663,664,649,-1,649,664,665,-1,649,665,583,-1,583,665,666,-1,583,666,595,-1,593,667,583,-1,583,667,668,-1,583,668,625,-1,669,623,670,-1,628,671,597,-1,597,671,672,-1,597,672,630,-1,673,674,675,-1,675,674,676,-1,675,676,603,-1,603,676,677,-1,603,677,601,-1,647,678,583,-1,583,678,679,-1,583,679,680,-1,681,682,583,-1,583,682,683,-1,583,683,649,-1,649,683,684,-1,649,684,651,-1,587,685,588,-1,588,685,686,-1,588,686,609,-1,658,687,597,-1,597,687,688,-1,597,688,580,-1,580,688,689,-1,580,689,578,-1,662,690,624,-1,624,690,691,-1,624,691,692,-1,693,606,694,-1,694,606,695,-1,670,696,669,-1,669,696,697,-1,669,697,698,-1,698,697,699,-1,623,669,624,-1,624,669,700,-1,624,700,701,-1,629,702,703,-1,703,702,704,-1,703,704,705,-1,705,704,706,-1,705,706,707,-1,703,708,629,-1,629,708,709,-1,629,709,583,-1,583,709,710,-1,583,710,633,-1,583,711,712,-1,680,713,583,-1,583,713,714,-1,583,714,681,-1,715,716,717,-1,717,716,718,-1,717,718,654,-1,654,718,719,-1,654,719,652,-1,592,720,588,-1,588,720,721,-1,588,721,606,-1,606,721,722,-1,606,722,695,-1,701,723,624,-1,624,723,724,-1,624,724,725,-1,726,727,728,-1,729,730,731,-1,732,733,734,-1,734,733,735,-1,645,736,643,-1,643,736,733,-1,643,733,737,-1,737,733,732,-1,738,739,631,-1,631,739,740,-1,631,740,741,-1,712,742,583,-1,583,742,743,-1,583,743,581,-1,744,745,746,-1,747,748,749,-1,749,748,750,-1,749,750,751,-1,751,750,752,-1,751,752,620,-1,620,752,753,-1,620,753,618,-1,725,754,624,-1,624,754,755,-1,624,755,577,-1,577,755,756,-1,577,756,575,-1,728,757,726,-1,726,757,758,-1,726,758,706,-1,706,758,759,-1,706,759,707,-1,638,760,636,-1,636,760,761,-1,636,761,762,-1,762,761,729,-1,762,729,763,-1,763,729,731,-1,764,765,766,-1,767,768,769,-1,770,771,588,-1,588,771,772,-1,588,772,591,-1,773,774,775,-1,775,774,776,-1,775,776,697,-1,697,776,777,-1,697,777,699,-1,738,778,739,-1,739,778,779,-1,739,779,780,-1,780,779,764,-1,780,764,781,-1,781,764,766,-1,643,782,644,-1,644,782,783,-1,644,783,583,-1,583,783,640,-1,583,640,711,-1,711,640,639,-1,768,767,784,-1,784,767,624,-1,784,624,785,-1,786,787,788,-1,769,789,767,-1,767,789,787,-1,767,787,790,-1,790,787,786,-1,767,791,624,-1,624,791,792,-1,624,792,793,-1,793,794,624,-1,624,794,795,-1,624,795,796,-1,796,795,797,-1,796,797,798,-1,799,800,801,-1,798,802,796,-1,796,802,800,-1,796,800,803,-1,803,800,799,-1,804,805,806,-1,806,805,807,-1,806,807,808,-1,809,810,811,-1,741,812,631,-1,631,812,813,-1,631,813,583,-1,583,813,814,-1,583,814,644,-1,692,815,624,-1,624,815,816,-1,624,816,817,-1,796,818,624,-1,624,818,819,-1,624,819,820,-1,821,822,823,-1,823,822,824,-1,823,824,825,-1,820,826,624,-1,624,826,827,-1,624,827,828,-1,828,827,822,-1,828,822,829,-1,829,822,821,-1,830,831,832,-1,832,831,833,-1,832,833,834,-1,834,833,744,-1,834,744,835,-1,835,744,746,-1,828,836,624,-1,624,836,837,-1,624,837,838,-1,745,744,807,-1,807,744,839,-1,807,839,808,-1,735,840,734,-1,734,840,841,-1,734,841,842,-1,842,841,809,-1,842,809,843,-1,843,809,811,-1,785,624,844,-1,844,624,817,-1,844,817,622,-1,622,817,845,-1,622,845,620,-1,838,804,624,-1,624,804,806,-1,624,806,588,-1,588,806,846,-1,588,846,770,-1,847,848,849,-1,849,848,850,-1,849,850,788,-1,788,850,851,-1,788,851,786,-1,852,853,854,-1,854,853,855,-1,854,855,801,-1,801,855,856,-1,801,856,799,-1,857,858,859,-1,859,858,860,-1,859,860,861,-1,861,860,823,-1,861,823,862,-1,862,823,825,-1,863,731,730,-1,574,649,648,-1,864,865,568,-1,648,866,574,-1,574,866,867,-1,574,867,568,-1,730,864,863,-1,863,864,568,-1,863,568,868,-1,868,568,867,-1,868,867,673,-1,673,867,674,-1,869,766,765,-1,870,871,568,-1,765,870,869,-1,869,870,568,-1,869,568,872,-1,872,568,865,-1,872,865,810,-1,810,865,811,-1,586,580,873,-1,873,580,568,-1,873,568,874,-1,874,568,871,-1,874,871,727,-1,727,871,728,-1,875,574,876,-1,876,574,495,-1,876,495,576,-1,576,495,577,-1,663,649,877,-1,877,649,574,-1,877,574,878,-1,878,574,875,-1,878,875,773,-1,773,875,774,-1,604,606,879,-1,879,606,6,-1,879,6,880,-1,580,579,568,-1,568,579,881,-1,568,881,882,-1,716,715,882,-1,882,715,880,-1,882,880,568,-1,568,880,6,-1,6,606,693,-1,693,883,6,-1,6,883,884,-1,6,884,495,-1,885,858,857,-1,886,887,495,-1,857,886,885,-1,885,886,495,-1,885,495,888,-1,888,495,884,-1,888,884,830,-1,830,884,831,-1,889,848,847,-1,890,891,495,-1,847,890,889,-1,889,890,495,-1,889,495,892,-1,892,495,887,-1,892,887,852,-1,852,887,853,-1,617,577,893,-1,893,577,495,-1,893,495,894,-1,894,495,891,-1,894,891,747,-1,747,891,748,-1,
        ]
    }
}
Shape{
    appearance Appearance {
        material  Material 	{
            diffuseColor 0.6666666666666666 0.6980392156862745 0.7686274509803922
            specularColor 0.3333333333333333 0.34901960784313724 0.3843137254901961
            ambientIntensity 0.6967
            transparency 0.0
            shininess 0.5
        }
    }
    geometry IndexedFaceSet {
        ccw TRUE
        solid FALSE
        coord DEF co Coordinate {
            point [
                0.5413 0.6929 0.0787, 0.4429 0.6929 0.0787, 0.5413 0.689 0.0787, 0.4429 0.689 0.0787, 0.4429 0.689 0.0315, 0.4429 0.6929 0.0, 0.4429 0.5827 0.0315, 0.4429 0.5827 0.0, 0.4441 0.5722 0.0, 0.4441 0.5722 0.0315, 0.4476 0.5622 0.0, 0.4476 0.5622 0.0315, 0.4532 0.5532 0.0, 0.4532 0.5532 0.0315, 0.4607 0.5457 0.0, 0.4607 0.5457 0.0315, 0.4697 0.5401 0.0, 0.4697 0.5401 0.0315, 0.4796 0.5366 0.0, 0.4796 0.5366 0.0315, 0.4902 0.5354 0.0, 0.4902 0.5354 0.0315, 0.4941 0.5354 0.0, 0.4941 0.5354 0.0315, 0.5046 0.5366 0.0, 0.5046 0.5366 0.0315, 0.5146 0.5401 0.0, 0.5146 0.5401 0.0315, 0.5236 0.5457 0.0, 0.5236 0.5457 0.0315, 0.531 0.5532 0.0, 0.531 0.5532 0.0315, 0.5367 0.5622 0.0, 0.5367 0.5622 0.0315, 0.5402 0.5722 0.0, 0.5402 0.5722 0.0315, 0.5413 0.5827 0.0, 0.5413 0.5827 0.0315, 0.5413 0.689 0.0315, 0.5413 0.6929 0.0, 0.3445 0.6929 0.0787, 0.2461 0.6929 0.0787, 0.3445 0.689 0.0787, 0.2461 0.689 0.0787, 0.2461 0.689 0.0315, 0.2461 0.6929 0.0, 0.2461 0.5827 0.0315, 0.2461 0.5827 0.0, 0.2472 0.5722 0.0, 0.2472 0.5722 0.0315, 0.2507 0.5622 0.0, 0.2507 0.5622 0.0315, 0.2564 0.5532 0.0, 0.2564 0.5532 0.0315, 0.2639 0.5457 0.0, 0.2639 0.5457 0.0315, 0.2728 0.5401 0.0, 0.2728 0.5401 0.0315, 0.2828 0.5366 0.0, 0.2828 0.5366 0.0315, 0.2933 0.5354 0.0, 0.2933 0.5354 0.0315, 0.2972 0.5354 0.0, 0.2972 0.5354 0.0315, 0.3078 0.5366 0.0, 0.3078 0.5366 0.0315, 0.3177 0.5401 0.0, 0.3177 0.5401 0.0315, 0.3267 0.5457 0.0, 0.3267 0.5457 0.0315, 0.3342 0.5532 0.0, 0.3342 0.5532 0.0315, 0.3398 0.5622 0.0, 0.3398 0.5622 0.0315, 0.3433 0.5722 0.0, 0.3433 0.5722 0.0315, 0.3445 0.5827 0.0, 0.3445 0.5827 0.0315, 0.3445 0.689 0.0315, 0.3445 0.6929 0.0, 0.1476 0.6929 0.0787, 0.0492 0.6929 0.0787, 0.1476 0.689 0.0787, 0.0492 0.689 0.0787, 0.0492 0.689 0.0315, 0.0492 0.6929 0.0, 0.0492 0.5827 0.0315, 0.0492 0.5827 0.0, 0.0504 0.5722 0.0, 0.0504 0.5722 0.0315, 0.0539 0.5622 0.0, 0.0539 0.5622 0.0315, 0.0595 0.5532 0.0, 0.0595 0.5532 0.0315, 0.067 0.5457 0.0, 0.067 0.5457 0.0315, 0.076 0.5401 0.0, 0.076 0.5401 0.0315, 0.0859 0.5366 0.0, 0.0859 0.5366 0.0315, 0.0965 0.5354 0.0, 0.0965 0.5354 0.0315, 0.1004 0.5354 0.0, 0.1004 0.5354 0.0315, 0.1109 0.5366 0.0, 0.1109 0.5366 0.0315, 0.1209 0.5401 0.0, 0.1209 0.5401 0.0315, 0.1298 0.5457 0.0, 0.1298 0.5457 0.0315, 0.1373 0.5532 0.0, 0.1373 0.5532 0.0315, 0.143 0.5622 0.0, 0.143 0.5622 0.0315, 0.1465 0.5722 0.0, 0.1465 0.5722 0.0315, 0.1476 0.5827 0.0, 0.1476 0.5827 0.0315, 0.1476 0.689 0.0315, 0.1476 0.6929 0.0, -0.0492 0.6929 0.0787, -0.1476 0.6929 0.0787, -0.0492 0.689 0.0787, -0.1476 0.689 0.0787, -0.1476 0.689 0.0315, -0.1476 0.6929 0.0, -0.1476 0.5827 0.0315, -0.1476 0.5827 0.0, -0.1465 0.5722 0.0, -0.1465 0.5722 0.0315, -0.143 0.5622 0.0, -0.143 0.5622 0.0315, -0.1373 0.5532 0.0, -0.1373 0.5532 0.0315, -0.1298 0.5457 0.0, -0.1298 0.5457 0.0315, -0.1209 0.5401 0.0, -0.1209 0.5401 0.0315, -0.1109 0.5366 0.0, -0.1109 0.5366 0.0315, -0.1004 0.5354 0.0, -0.1004 0.5354 0.0315, -0.0965 0.5354 0.0, -0.0965 0.5354 0.0315, -0.0859 0.5366 0.0, -0.0859 0.5366 0.0315, -0.076 0.5401 0.0, -0.076 0.5401 0.0315, -0.067 0.5457 0.0, -0.067 0.5457 0.0315, -0.0595 0.5532 0.0, -0.0595 0.5532 0.0315, -0.0539 0.5622 0.0, -0.0539 0.5622 0.0315, -0.0504 0.5722 0.0, -0.0504 0.5722 0.0315, -0.0492 0.5827 0.0, -0.0492 0.5827 0.0315, -0.0492 0.689 0.0315, -0.0492 0.6929 0.0, -0.2461 0.6929 0.0787, -0.3445 0.6929 0.0787, -0.2461 0.689 0.0787, -0.3445 0.689 0.0787, -0.3445 0.689 0.0315, -0.3445 0.6929 0.0, -0.3445 0.5827 0.0315, -0.3445 0.5827 0.0, -0.3433 0.5722 0.0, -0.3433 0.5722 0.0315, -0.3398 0.5622 0.0, -0.3398 0.5622 0.0315, -0.3342 0.5532 0.0, -0.3342 0.5532 0.0315, -0.3267 0.5457 0.0, -0.3267 0.5457 0.0315, -0.3177 0.5401 0.0, -0.3177 0.5401 0.0315, -0.3078 0.5366 0.0, -0.3078 0.5366 0.0315, -0.2972 0.5354 0.0, -0.2972 0.5354 0.0315, -0.2933 0.5354 0.0, -0.2933 0.5354 0.0315, -0.2828 0.5366 0.0, -0.2828 0.5366 0.0315, -0.2728 0.5401 0.0, -0.2728 0.5401 0.0315, -0.2639 0.5457 0.0, -0.2639 0.5457 0.0315, -0.2564 0.5532 0.0, -0.2564 0.5532 0.0315, -0.2507 0.5622 0.0, -0.2507 0.5622 0.0315, -0.2472 0.5722 0.0, -0.2472 0.5722 0.0315, -0.2461 0.5827 0.0, -0.2461 0.5827 0.0315, -0.2461 0.689 0.0315, -0.2461 0.6929 0.0, -0.4429 0.6929 0.0787, -0.5413 0.6929 0.0787, -0.4429 0.689 0.0787, -0.5413 0.689 0.0787, -0.5413 0.689 0.0315, -0.5413 0.6929 0.0, -0.5413 0.5827 0.0315, -0.5413 0.5827 0.0, -0.5402 0.5722 0.0, -0.5402 0.5722 0.0315, -0.5367 0.5622 0.0, -0.5367 0.5622 0.0315, -0.531 0.5532 0.0, -0.531 0.5532 0.0315, -0.5236 0.5457 0.0, -0.5236 0.5457 0.0315, -0.5146 0.5401 0.0, -0.5146 0.5401 0.0315, -0.5046 0.5366 0.0, -0.5046 0.5366 0.0315, -0.4941 0.5354 0.0, -0.4941 0.5354 0.0315, -0.4902 0.5354 0.0, -0.4902 0.5354 0.0315, -0.4796 0.5366 0.0, -0.4796 0.5366 0.0315, -0.4697 0.5401 0.0, -0.4697 0.5401 0.0315, -0.4607 0.5457 0.0, -0.4607 0.5457 0.0315, -0.4532 0.5532 0.0, -0.4532 0.5532 0.0315, -0.4476 0.5622 0.0, -0.4476 0.5622 0.0315, -0.4441 0.5722 0.0, -0.4441 0.5722 0.0315, -0.4429 0.5827 0.0, -0.4429 0.5827 0.0315, -0.4429 0.689 0.0315, -0.4429 0.6929 0.0, 0.7913 0.2461 0.0787, 0.7913 0.3445 0.0787, 0.7874 0.2461 0.0787, 0.7874 0.3445 0.0787, 0.7874 0.3445 0.0315, 0.7913 0.3445 0.0, 0.6811 0.3445 0.0315, 0.6811 0.3445 0.0, 0.6689 0.3429 0.0, 0.6689 0.3429 0.0315, 0.6575 0.3382 0.0, 0.6575 0.3382 0.0315, 0.6477 0.3307 0.0, 0.6477 0.3307 0.0315, 0.6402 0.3209 0.0, 0.6402 0.3209 0.0315, 0.6355 0.3095 0.0, 0.6355 0.3095 0.0315, 0.6339 0.2972 0.0, 0.6339 0.2972 0.0315, 0.6339 0.2933 0.0, 0.6339 0.2933 0.0315, 0.6355 0.2811 0.0, 0.6355 0.2811 0.0315, 0.6402 0.2697 0.0, 0.6402 0.2697 0.0315, 0.6477 0.2599 0.0, 0.6477 0.2599 0.0315, 0.6575 0.2524 0.0, 0.6575 0.2524 0.0315, 0.6689 0.2477 0.0, 0.6689 0.2477 0.0315, 0.6811 0.2461 0.0, 0.6811 0.2461 0.0315, 0.7874 0.2461 0.0315, 0.7913 0.2461 0.0, 0.7913 -0.3445 0.0787, 0.7913 -0.2461 0.0787, 0.7874 -0.3445 0.0787, 0.7874 -0.2461 0.0787, 0.7874 -0.2461 0.0315, 0.7913 -0.2461 0.0, 0.6811 -0.2461 0.0315, 0.6811 -0.2461 0.0, 0.6689 -0.2477 0.0, 0.6689 -0.2477 0.0315, 0.6575 -0.2524 0.0, 0.6575 -0.2524 0.0315, 0.6477 -0.2599 0.0, 0.6477 -0.2599 0.0315, 0.6402 -0.2697 0.0, 0.6402 -0.2697 0.0315, 0.6355 -0.2811 0.0, 0.6355 -0.2811 0.0315, 0.6339 -0.2933 0.0, 0.6339 -0.2933 0.0315, 0.6339 -0.2972 0.0315, 0.6339 -0.2972 0.0, 0.6355 -0.3095 0.0, 0.6355 -0.3095 0.0315, 0.6402 -0.3209 0.0, 0.6402 -0.3209 0.0315, 0.6477 -0.3307 0.0, 0.6477 -0.3307 0.0315, 0.6575 -0.3382 0.0, 0.6575 -0.3382 0.0315, 0.6689 -0.3429 0.0, 0.6689 -0.3429 0.0315, 0.6811 -0.3445 0.0, 0.6811 -0.3445 0.0315, 0.7874 -0.3445 0.0315, 0.7913 -0.3445 0.0, -0.6811 -0.3445 0.0315, -0.6811 -0.3445 0.0, -0.6689 -0.3429 0.0, -0.6689 -0.3429 0.0315, -0.6575 -0.3382 0.0, -0.6575 -0.3382 0.0315, -0.6477 -0.3307 0.0, -0.6477 -0.3307 0.0315, -0.6402 -0.3209 0.0, -0.6402 -0.3209 0.0315, -0.6355 -0.3095 0.0, -0.6355 -0.3095 0.0315, -0.6339 -0.2972 0.0, -0.6339 -0.2972 0.0315, -0.6339 -0.2933 0.0, -0.6339 -0.2933 0.0315, -0.6355 -0.2811 0.0, -0.6355 -0.2811 0.0315, -0.6402 -0.2697 0.0, -0.6402 -0.2697 0.0315, -0.6477 -0.2599 0.0, -0.6477 -0.2599 0.0315, -0.6575 -0.2524 0.0, -0.6575 -0.2524 0.0315, -0.6689 -0.2477 0.0, -0.6689 -0.2477 0.0315, -0.6811 -0.2461 0.0, -0.6811 -0.2461 0.0315, -0.7874 -0.3445 0.0787, -0.7913 -0.3445 0.0787, -0.7874 -0.3445 0.0315, -0.7913 -0.3445 0.0, -0.7913 -0.2461 0.0787, -0.7874 -0.2461 0.0787, -0.7874 -0.2461 0.0315, -0.7913 -0.2461 0.0, -0.6811 0.2461 0.0315, -0.6811 0.2461 0.0, -0.6689 0.2477 0.0, -0.6689 0.2477 0.0315, -0.6575 0.2524 0.0, -0.6575 0.2524 0.0315, -0.6477 0.2599 0.0, -0.6477 0.2599 0.0315, -0.6402 0.2697 0.0, -0.6402 0.2697 0.0315, -0.6355 0.2811 0.0, -0.6355 0.2811 0.0315, -0.6339 0.2933 0.0, -0.6339 0.2933 0.0315, -0.6339 0.2972 0.0315, -0.6339 0.2972 0.0, -0.6355 0.3095 0.0, -0.6355 0.3095 0.0315, -0.6402 0.3209 0.0, -0.6402 0.3209 0.0315, -0.6477 0.3307 0.0, -0.6477 0.3307 0.0315, -0.6575 0.3382 0.0, -0.6575 0.3382 0.0315, -0.6689 0.3429 0.0, -0.6689 0.3429 0.0315, -0.6811 0.3445 0.0, -0.6811 0.3445 0.0315, -0.7874 0.2461 0.0787, -0.7913 0.2461 0.0787, -0.7874 0.2461 0.0315, -0.7913 0.2461 0.0, -0.7913 0.3445 0.0787, -0.7874 0.3445 0.0787, -0.7874 0.3445 0.0315, -0.7913 0.3445 0.0, 0.5413 -0.5827 0.0315, 0.5413 -0.5827 0.0, 0.5402 -0.5722 0.0, 0.5402 -0.5722 0.0315, 0.5367 -0.5622 0.0, 0.5367 -0.5622 0.0315, 0.531 -0.5532 0.0, 0.531 -0.5532 0.0315, 0.5236 -0.5457 0.0, 0.5236 -0.5457 0.0315, 0.5146 -0.5401 0.0, 0.5146 -0.5401 0.0315, 0.5046 -0.5366 0.0, 0.5046 -0.5366 0.0315, 0.4941 -0.5354 0.0, 0.4941 -0.5354 0.0315, 0.4902 -0.5354 0.0315, 0.4902 -0.5354 0.0, 0.4796 -0.5366 0.0, 0.4796 -0.5366 0.0315, 0.4697 -0.5401 0.0, 0.4697 -0.5401 0.0315, 0.4607 -0.5457 0.0, 0.4607 -0.5457 0.0315, 0.4532 -0.5532 0.0, 0.4532 -0.5532 0.0315, 0.4476 -0.5622 0.0, 0.4476 -0.5622 0.0315, 0.4441 -0.5722 0.0, 0.4441 -0.5722 0.0315, 0.4429 -0.5827 0.0, 0.4429 -0.5827 0.0315, 0.4429 -0.6929 0.0787, 0.4429 -0.689 0.0787, 0.4429 -0.689 0.0315, 0.4429 -0.6929 0.0, 0.5413 -0.689 0.0787, 0.5413 -0.6929 0.0787, 0.5413 -0.689 0.0315, 0.5413 -0.6929 0.0, 0.2461 -0.6929 0.0787, 0.3445 -0.6929 0.0787, 0.2461 -0.689 0.0787, 0.3445 -0.689 0.0787, 0.2461 -0.689 0.0315, 0.2461 -0.5827 0.0315, 0.2461 -0.5827 0.0, 0.2461 -0.6929 0.0, 0.3445 -0.689 0.0315, 0.3445 -0.6929 0.0, 0.3445 -0.5827 0.0315, 0.3445 -0.5827 0.0, 0.3433 -0.5722 0.0, 0.3433 -0.5722 0.0315, 0.3398 -0.5622 0.0, 0.3398 -0.5622 0.0315, 0.3342 -0.5532 0.0, 0.3342 -0.5532 0.0315, 0.3267 -0.5457 0.0, 0.3267 -0.5457 0.0315, 0.3177 -0.5401 0.0, 0.3177 -0.5401 0.0315, 0.3078 -0.5366 0.0, 0.3078 -0.5366 0.0315, 0.2972 -0.5354 0.0, 0.2972 -0.5354 0.0315, 0.2933 -0.5354 0.0315, 0.2933 -0.5354 0.0, 0.2828 -0.5366 0.0, 0.2828 -0.5366 0.0315, 0.2728 -0.5401 0.0, 0.2728 -0.5401 0.0315, 0.2639 -0.5457 0.0, 0.2639 -0.5457 0.0315, 0.2564 -0.5532 0.0, 0.2564 -0.5532 0.0315, 0.2507 -0.5622 0.0, 0.2507 -0.5622 0.0315, 0.2472 -0.5722 0.0, 0.2472 -0.5722 0.0315, 0.0492 -0.6929 0.0787, 0.1476 -0.6929 0.0787, 0.0492 -0.689 0.0787, 0.1476 -0.689 0.0787, 0.0492 -0.689 0.0315, 0.0492 -0.5827 0.0315, 0.0492 -0.5827 0.0, 0.0492 -0.6929 0.0, 0.1476 -0.689 0.0315, 0.1476 -0.6929 0.0, 0.1476 -0.5827 0.0315, 0.1476 -0.5827 0.0, 0.1465 -0.5722 0.0, 0.1465 -0.5722 0.0315, 0.143 -0.5622 0.0, 0.143 -0.5622 0.0315, 0.1373 -0.5532 0.0, 0.1373 -0.5532 0.0315, 0.1298 -0.5457 0.0, 0.1298 -0.5457 0.0315, 0.1209 -0.5401 0.0, 0.1209 -0.5401 0.0315, 0.1109 -0.5366 0.0, 0.1109 -0.5366 0.0315, 0.1004 -0.5354 0.0, 0.1004 -0.5354 0.0315, 0.0965 -0.5354 0.0315, 0.0965 -0.5354 0.0, 0.0859 -0.5366 0.0, 0.0859 -0.5366 0.0315, 0.076 -0.5401 0.0, 0.076 -0.5401 0.0315, 0.067 -0.5457 0.0, 0.067 -0.5457 0.0315, 0.0595 -0.5532 0.0, 0.0595 -0.5532 0.0315, 0.0539 -0.5622 0.0, 0.0539 -0.5622 0.0315, 0.0504 -0.5722 0.0, 0.0504 -0.5722 0.0315, -0.1476 -0.6929 0.0787, -0.0492 -0.6929 0.0787, -0.1476 -0.689 0.0787, -0.0492 -0.689 0.0787, -0.1476 -0.689 0.0315, -0.1476 -0.5827 0.0315, -0.1476 -0.5827 0.0, -0.1476 -0.6929 0.0, -0.0492 -0.689 0.0315, -0.0492 -0.6929 0.0, -0.0492 -0.5827 0.0315, -0.0492 -0.5827 0.0, -0.0504 -0.5722 0.0, -0.0504 -0.5722 0.0315, -0.0539 -0.5622 0.0, -0.0539 -0.5622 0.0315, -0.0595 -0.5532 0.0, -0.0595 -0.5532 0.0315, -0.067 -0.5457 0.0, -0.067 -0.5457 0.0315, -0.076 -0.5401 0.0, -0.076 -0.5401 0.0315, -0.0859 -0.5366 0.0, -0.0859 -0.5366 0.0315, -0.0965 -0.5354 0.0, -0.0965 -0.5354 0.0315, -0.1004 -0.5354 0.0315, -0.1004 -0.5354 0.0, -0.1109 -0.5366 0.0, -0.1109 -0.5366 0.0315, -0.1209 -0.5401 0.0, -0.1209 -0.5401 0.0315, -0.1298 -0.5457 0.0, -0.1298 -0.5457 0.0315, -0.1373 -0.5532 0.0, -0.1373 -0.5532 0.0315, -0.143 -0.5622 0.0, -0.143 -0.5622 0.0315, -0.1465 -0.5722 0.0, -0.1465 -0.5722 0.0315, -0.3445 -0.6929 0.0787, -0.2461 -0.6929 0.0787, -0.3445 -0.689 0.0787, -0.2461 -0.689 0.0787, -0.3445 -0.689 0.0315, -0.3445 -0.5827 0.0315, -0.3445 -0.5827 0.0, -0.3445 -0.6929 0.0, -0.2461 -0.689 0.0315, -0.2461 -0.6929 0.0, -0.2461 -0.5827 0.0315, -0.2461 -0.5827 0.0, -0.2472 -0.5722 0.0, -0.2472 -0.5722 0.0315, -0.2507 -0.5622 0.0, -0.2507 -0.5622 0.0315, -0.2564 -0.5532 0.0, -0.2564 -0.5532 0.0315, -0.2639 -0.5457 0.0, -0.2639 -0.5457 0.0315, -0.2728 -0.5401 0.0, -0.2728 -0.5401 0.0315, -0.2828 -0.5366 0.0, -0.2828 -0.5366 0.0315, -0.2933 -0.5354 0.0, -0.2933 -0.5354 0.0315, -0.2972 -0.5354 0.0315, -0.2972 -0.5354 0.0, -0.3078 -0.5366 0.0, -0.3078 -0.5366 0.0315, -0.3177 -0.5401 0.0, -0.3177 -0.5401 0.0315, -0.3267 -0.5457 0.0, -0.3267 -0.5457 0.0315, -0.3342 -0.5532 0.0, -0.3342 -0.5532 0.0315, -0.3398 -0.5622 0.0, -0.3398 -0.5622 0.0315, -0.3433 -0.5722 0.0, -0.3433 -0.5722 0.0315, -0.5413 -0.6929 0.0787, -0.4429 -0.6929 0.0787, -0.5413 -0.689 0.0787, -0.4429 -0.689 0.0787, -0.5413 -0.689 0.0315, -0.5413 -0.5827 0.0315, -0.5413 -0.5827 0.0, -0.5413 -0.6929 0.0, -0.4429 -0.689 0.0315, -0.4429 -0.6929 0.0, -0.4429 -0.5827 0.0315, -0.4429 -0.5827 0.0, -0.4441 -0.5722 0.0, -0.4441 -0.5722 0.0315, -0.4476 -0.5622 0.0, -0.4476 -0.5622 0.0315, -0.4532 -0.5532 0.0, -0.4532 -0.5532 0.0315, -0.4607 -0.5457 0.0, -0.4607 -0.5457 0.0315, -0.4697 -0.5401 0.0, -0.4697 -0.5401 0.0315, -0.4796 -0.5366 0.0, -0.4796 -0.5366 0.0315, -0.4902 -0.5354 0.0, -0.4902 -0.5354 0.0315, -0.4941 -0.5354 0.0315, -0.4941 -0.5354 0.0, -0.5046 -0.5366 0.0, -0.5046 -0.5366 0.0315, -0.5146 -0.5401 0.0, -0.5146 -0.5401 0.0315, -0.5236 -0.5457 0.0, -0.5236 -0.5457 0.0315, -0.531 -0.5532 0.0, -0.531 -0.5532 0.0315, -0.5367 -0.5622 0.0, -0.5367 -0.5622 0.0315, -0.5402 -0.5722 0.0, -0.5402 -0.5722 0.0315, -0.4921 0.4134 0.0, -0.4921 -0.4134 0.0, -0.4921 0.4134 0.0315, -0.4921 -0.4134 0.0315, 0.4921 0.4134 0.0, 0.4921 0.4134 0.0315, 0.4921 -0.4134 0.0, 0.4921 -0.4134 0.0315
            ]
        }
        coordIndex [
            0,1,2,-1,2,1,3,-1,3,1,4,-1,4,1,5,-1,4,5,6,-1,6,5,7,-1,6,7,8,-1,6,8,9,-1,9,8,10,-1,9,10,11,-1,11,10,12,-1,11,12,13,-1,13,12,14,-1,13,14,15,-1,15,14,16,-1,15,16,17,-1,17,16,18,-1,17,18,19,-1,19,18,20,-1,19,20,21,-1,20,22,21,-1,21,22,23,-1,23,22,24,-1,23,24,25,-1,25,24,26,-1,25,26,27,-1,27,26,28,-1,27,28,29,-1,29,28,30,-1,29,30,31,-1,31,30,32,-1,31,32,33,-1,33,32,34,-1,33,34,35,-1,35,34,36,-1,35,36,37,-1,0,2,38,-1,37,36,38,-1,38,36,39,-1,38,39,0,-1,5,1,39,-1,39,1,0,-1,10,8,39,-1,39,8,7,-1,39,7,5,-1,16,14,39,-1,39,14,12,-1,39,12,10,-1,32,24,34,-1,34,24,22,-1,34,22,36,-1,36,22,20,-1,36,20,39,-1,39,20,18,-1,39,18,16,-1,32,30,24,-1,24,30,28,-1,24,28,26,-1,40,41,42,-1,42,41,43,-1,43,41,44,-1,44,41,45,-1,44,45,46,-1,46,45,47,-1,46,47,48,-1,46,48,49,-1,49,48,50,-1,49,50,51,-1,51,50,52,-1,51,52,53,-1,53,52,54,-1,53,54,55,-1,55,54,56,-1,55,56,57,-1,57,56,58,-1,57,58,59,-1,59,58,60,-1,59,60,61,-1,60,62,61,-1,61,62,63,-1,63,62,64,-1,63,64,65,-1,65,64,66,-1,65,66,67,-1,67,66,68,-1,67,68,69,-1,69,68,70,-1,69,70,71,-1,71,70,72,-1,71,72,73,-1,73,72,74,-1,73,74,75,-1,75,74,76,-1,75,76,77,-1,40,42,78,-1,77,76,78,-1,78,76,79,-1,78,79,40,-1,45,41,79,-1,79,41,40,-1,62,60,76,-1,76,60,79,-1,79,60,58,-1,79,58,56,-1,56,54,79,-1,79,54,52,-1,79,52,50,-1,72,70,64,-1,64,70,68,-1,64,68,66,-1,50,48,79,-1,79,48,47,-1,79,47,45,-1,62,76,64,-1,64,76,74,-1,64,74,72,-1,80,81,82,-1,82,81,83,-1,83,81,84,-1,84,81,85,-1,84,85,86,-1,86,85,87,-1,86,87,88,-1,86,88,89,-1,89,88,90,-1,89,90,91,-1,91,90,92,-1,91,92,93,-1,93,92,94,-1,93,94,95,-1,95,94,96,-1,95,96,97,-1,97,96,98,-1,97,98,99,-1,99,98,100,-1,99,100,101,-1,100,102,101,-1,101,102,103,-1,103,102,104,-1,103,104,105,-1,105,104,106,-1,105,106,107,-1,107,106,108,-1,107,108,109,-1,109,108,110,-1,109,110,111,-1,111,110,112,-1,111,112,113,-1,113,112,114,-1,113,114,115,-1,115,114,116,-1,115,116,117,-1,80,82,118,-1,117,116,118,-1,118,116,119,-1,118,119,80,-1,85,81,119,-1,119,81,80,-1,87,85,119,-1,116,100,119,-1,119,100,98,-1,98,96,119,-1,119,96,94,-1,119,94,92,-1,92,90,119,-1,119,90,88,-1,119,88,87,-1,108,114,110,-1,110,114,112,-1,108,106,114,-1,114,106,104,-1,114,104,116,-1,116,104,102,-1,116,102,100,-1,120,121,122,-1,122,121,123,-1,123,121,124,-1,124,121,125,-1,124,125,126,-1,126,125,127,-1,126,127,128,-1,126,128,129,-1,129,128,130,-1,129,130,131,-1,131,130,132,-1,131,132,133,-1,133,132,134,-1,133,134,135,-1,135,134,136,-1,135,136,137,-1,137,136,138,-1,137,138,139,-1,139,138,140,-1,139,140,141,-1,140,142,141,-1,141,142,143,-1,143,142,144,-1,143,144,145,-1,145,144,146,-1,145,146,147,-1,147,146,148,-1,147,148,149,-1,149,148,150,-1,149,150,151,-1,151,150,152,-1,151,152,153,-1,153,152,154,-1,153,154,155,-1,155,154,156,-1,155,156,157,-1,120,122,158,-1,157,156,158,-1,158,156,159,-1,158,159,120,-1,125,121,159,-1,159,121,120,-1,127,125,159,-1,146,144,156,-1,144,142,156,-1,156,142,140,-1,156,140,159,-1,159,140,138,-1,154,152,150,-1,138,136,159,-1,159,136,134,-1,159,134,132,-1,132,130,159,-1,159,130,128,-1,159,128,127,-1,154,150,156,-1,156,150,148,-1,156,148,146,-1,160,161,162,-1,162,161,163,-1,163,161,164,-1,164,161,165,-1,164,165,166,-1,166,165,167,-1,166,167,168,-1,166,168,169,-1,169,168,170,-1,169,170,171,-1,171,170,172,-1,171,172,173,-1,173,172,174,-1,173,174,175,-1,175,174,176,-1,175,176,177,-1,177,176,178,-1,177,178,179,-1,179,178,180,-1,179,180,181,-1,180,182,181,-1,181,182,183,-1,183,182,184,-1,183,184,185,-1,185,184,186,-1,185,186,187,-1,187,186,188,-1,187,188,189,-1,189,188,190,-1,189,190,191,-1,191,190,192,-1,191,192,193,-1,193,192,194,-1,193,194,195,-1,195,194,196,-1,195,196,197,-1,160,162,198,-1,197,196,198,-1,198,196,199,-1,198,199,160,-1,165,161,199,-1,199,161,160,-1,182,180,196,-1,196,180,199,-1,199,180,178,-1,199,178,176,-1,176,174,199,-1,199,174,172,-1,199,172,170,-1,192,190,184,-1,184,190,188,-1,184,188,186,-1,170,168,199,-1,199,168,167,-1,199,167,165,-1,182,196,184,-1,184,196,194,-1,184,194,192,-1,200,201,202,-1,202,201,203,-1,203,201,204,-1,204,201,205,-1,204,205,206,-1,206,205,207,-1,206,207,208,-1,206,208,209,-1,209,208,210,-1,209,210,211,-1,211,210,212,-1,211,212,213,-1,213,212,214,-1,213,214,215,-1,215,214,216,-1,215,216,217,-1,217,216,218,-1,217,218,219,-1,219,218,220,-1,219,220,221,-1,220,222,221,-1,221,222,223,-1,223,222,224,-1,223,224,225,-1,225,224,226,-1,225,226,227,-1,227,226,228,-1,227,228,229,-1,229,228,230,-1,229,230,231,-1,231,230,232,-1,231,232,233,-1,233,232,234,-1,233,234,235,-1,235,234,236,-1,235,236,237,-1,200,202,238,-1,237,236,238,-1,238,236,239,-1,238,239,200,-1,205,201,239,-1,239,201,200,-1,210,208,239,-1,239,208,207,-1,239,207,205,-1,216,214,239,-1,239,214,212,-1,239,212,210,-1,232,224,234,-1,234,224,222,-1,234,222,236,-1,236,222,220,-1,236,220,239,-1,239,220,218,-1,239,218,216,-1,232,230,224,-1,224,230,228,-1,224,228,226,-1,240,241,242,-1,242,241,243,-1,243,241,244,-1,244,241,245,-1,244,245,246,-1,246,245,247,-1,246,247,248,-1,246,248,249,-1,249,248,250,-1,249,250,251,-1,251,250,252,-1,251,252,253,-1,253,252,254,-1,253,254,255,-1,255,254,256,-1,255,256,257,-1,257,256,258,-1,257,258,259,-1,258,260,259,-1,259,260,261,-1,261,260,262,-1,261,262,263,-1,263,262,264,-1,263,264,265,-1,265,264,266,-1,265,266,267,-1,267,266,268,-1,267,268,269,-1,269,268,270,-1,269,270,271,-1,271,270,272,-1,271,272,273,-1,240,242,274,-1,273,272,274,-1,274,272,275,-1,274,275,240,-1,245,241,275,-1,275,241,240,-1,272,258,275,-1,275,258,256,-1,270,262,272,-1,272,262,260,-1,272,260,258,-1,256,254,275,-1,275,254,252,-1,275,252,250,-1,250,248,275,-1,275,248,247,-1,275,247,245,-1,270,268,262,-1,262,268,266,-1,262,266,264,-1,276,277,278,-1,278,277,279,-1,279,277,280,-1,280,277,281,-1,280,281,282,-1,282,281,283,-1,282,283,284,-1,282,284,285,-1,285,284,286,-1,285,286,287,-1,287,286,288,-1,287,288,289,-1,289,288,290,-1,289,290,291,-1,291,290,292,-1,291,292,293,-1,293,292,294,-1,293,294,295,-1,295,294,296,-1,296,294,297,-1,296,297,298,-1,296,298,299,-1,299,298,300,-1,299,300,301,-1,301,300,302,-1,301,302,303,-1,303,302,304,-1,303,304,305,-1,305,304,306,-1,305,306,307,-1,307,306,308,-1,307,308,309,-1,276,278,310,-1,309,308,310,-1,310,308,311,-1,310,311,276,-1,281,277,311,-1,311,277,276,-1,311,308,281,-1,281,308,306,-1,306,304,281,-1,281,304,302,-1,281,302,300,-1,300,298,281,-1,281,298,297,-1,281,297,283,-1,286,292,288,-1,288,292,290,-1,297,294,283,-1,283,294,292,-1,283,292,284,-1,284,292,286,-1,312,313,314,-1,312,314,315,-1,315,314,316,-1,315,316,317,-1,317,316,318,-1,317,318,319,-1,319,318,320,-1,319,320,321,-1,321,320,322,-1,321,322,323,-1,323,322,324,-1,323,324,325,-1,324,326,325,-1,325,326,327,-1,327,326,328,-1,327,328,329,-1,329,328,330,-1,329,330,331,-1,331,330,332,-1,331,332,333,-1,333,332,334,-1,333,334,335,-1,335,334,336,-1,335,336,337,-1,337,336,338,-1,337,338,339,-1,340,341,342,-1,342,341,343,-1,342,343,312,-1,312,343,313,-1,344,345,346,-1,339,338,346,-1,346,338,347,-1,346,347,344,-1,344,341,345,-1,345,341,340,-1,343,341,347,-1,347,341,344,-1,338,324,347,-1,347,324,322,-1,336,328,338,-1,338,328,326,-1,338,326,324,-1,322,320,347,-1,347,320,318,-1,347,318,316,-1,316,314,347,-1,347,314,313,-1,347,313,343,-1,336,334,328,-1,328,334,332,-1,328,332,330,-1,348,349,350,-1,348,350,351,-1,351,350,352,-1,351,352,353,-1,353,352,354,-1,353,354,355,-1,355,354,356,-1,355,356,357,-1,357,356,358,-1,357,358,359,-1,359,358,360,-1,359,360,361,-1,361,360,362,-1,362,360,363,-1,362,363,364,-1,362,364,365,-1,365,364,366,-1,365,366,367,-1,367,366,368,-1,367,368,369,-1,369,368,370,-1,369,370,371,-1,371,370,372,-1,371,372,373,-1,373,372,374,-1,373,374,375,-1,376,377,378,-1,378,377,379,-1,378,379,348,-1,348,379,349,-1,380,381,382,-1,375,374,382,-1,382,374,383,-1,382,383,380,-1,380,377,381,-1,381,377,376,-1,379,377,383,-1,383,377,380,-1,383,374,379,-1,379,374,372,-1,372,370,379,-1,379,370,368,-1,379,368,366,-1,366,364,379,-1,379,364,363,-1,379,363,349,-1,363,360,349,-1,349,360,358,-1,349,358,356,-1,356,354,349,-1,349,354,352,-1,349,352,350,-1,384,385,386,-1,384,386,387,-1,387,386,388,-1,387,388,389,-1,389,388,390,-1,389,390,391,-1,391,390,392,-1,391,392,393,-1,393,392,394,-1,393,394,395,-1,395,394,396,-1,395,396,397,-1,397,396,398,-1,397,398,399,-1,399,398,400,-1,400,398,401,-1,400,401,402,-1,400,402,403,-1,403,402,404,-1,403,404,405,-1,405,404,406,-1,405,406,407,-1,407,406,408,-1,407,408,409,-1,409,408,410,-1,409,410,411,-1,411,410,412,-1,411,412,413,-1,413,412,414,-1,413,414,415,-1,416,417,418,-1,415,414,418,-1,418,414,419,-1,418,419,416,-1,420,421,422,-1,422,421,423,-1,422,423,384,-1,384,423,385,-1,416,421,417,-1,417,421,420,-1,423,421,419,-1,419,421,416,-1,423,419,414,-1,414,412,423,-1,423,412,410,-1,423,410,408,-1,408,406,423,-1,423,406,404,-1,423,404,402,-1,402,401,423,-1,423,401,398,-1,423,398,385,-1,385,398,396,-1,385,396,386,-1,386,396,394,-1,394,392,386,-1,386,392,390,-1,386,390,388,-1,424,425,426,-1,426,425,427,-1,424,426,428,-1,429,430,428,-1,428,430,431,-1,428,431,424,-1,427,425,432,-1,432,425,433,-1,432,433,434,-1,434,433,435,-1,434,435,436,-1,434,436,437,-1,437,436,438,-1,437,438,439,-1,439,438,440,-1,439,440,441,-1,441,440,442,-1,441,442,443,-1,443,442,444,-1,443,444,445,-1,445,444,446,-1,445,446,447,-1,447,446,448,-1,447,448,449,-1,449,448,450,-1,450,448,451,-1,450,451,452,-1,450,452,453,-1,453,452,454,-1,453,454,455,-1,455,454,456,-1,455,456,457,-1,457,456,458,-1,457,458,459,-1,459,458,460,-1,459,460,461,-1,461,460,462,-1,461,462,463,-1,463,462,430,-1,463,430,429,-1,433,425,431,-1,431,425,424,-1,435,433,451,-1,451,433,452,-1,433,431,430,-1,458,456,433,-1,433,456,454,-1,433,454,452,-1,430,462,433,-1,433,462,460,-1,433,460,458,-1,451,448,435,-1,435,448,446,-1,435,446,444,-1,444,442,435,-1,435,442,440,-1,435,440,436,-1,436,440,438,-1,464,465,466,-1,466,465,467,-1,464,466,468,-1,469,470,468,-1,468,470,471,-1,468,471,464,-1,467,465,472,-1,472,465,473,-1,472,473,474,-1,474,473,475,-1,474,475,476,-1,474,476,477,-1,477,476,478,-1,477,478,479,-1,479,478,480,-1,479,480,481,-1,481,480,482,-1,481,482,483,-1,483,482,484,-1,483,484,485,-1,485,484,486,-1,485,486,487,-1,487,486,488,-1,487,488,489,-1,489,488,490,-1,490,488,491,-1,490,491,492,-1,490,492,493,-1,493,492,494,-1,493,494,495,-1,495,494,496,-1,495,496,497,-1,497,496,498,-1,497,498,499,-1,499,498,500,-1,499,500,501,-1,501,500,502,-1,501,502,503,-1,503,502,470,-1,503,470,469,-1,473,465,471,-1,471,465,464,-1,475,473,491,-1,471,470,473,-1,473,470,502,-1,502,500,473,-1,473,500,498,-1,473,498,496,-1,496,494,473,-1,473,494,492,-1,473,492,491,-1,491,488,475,-1,475,488,486,-1,475,486,484,-1,484,482,475,-1,475,482,480,-1,475,480,476,-1,476,480,478,-1,504,505,506,-1,506,505,507,-1,504,506,508,-1,509,510,508,-1,508,510,511,-1,508,511,504,-1,507,505,512,-1,512,505,513,-1,512,513,514,-1,514,513,515,-1,514,515,516,-1,514,516,517,-1,517,516,518,-1,517,518,519,-1,519,518,520,-1,519,520,521,-1,521,520,522,-1,521,522,523,-1,523,522,524,-1,523,524,525,-1,525,524,526,-1,525,526,527,-1,527,526,528,-1,527,528,529,-1,529,528,530,-1,530,528,531,-1,530,531,532,-1,530,532,533,-1,533,532,534,-1,533,534,535,-1,535,534,536,-1,535,536,537,-1,537,536,538,-1,537,538,539,-1,539,538,540,-1,539,540,541,-1,541,540,542,-1,541,542,543,-1,543,542,510,-1,543,510,509,-1,513,505,511,-1,511,505,504,-1,511,510,513,-1,513,510,542,-1,513,542,540,-1,540,538,513,-1,513,538,536,-1,513,536,534,-1,534,532,513,-1,513,532,531,-1,513,531,515,-1,531,528,515,-1,515,528,526,-1,515,526,524,-1,524,522,515,-1,515,522,520,-1,515,520,516,-1,516,520,518,-1,544,545,546,-1,546,545,547,-1,544,546,548,-1,549,550,548,-1,548,550,551,-1,548,551,544,-1,547,545,552,-1,552,545,553,-1,552,553,554,-1,554,553,555,-1,554,555,556,-1,554,556,557,-1,557,556,558,-1,557,558,559,-1,559,558,560,-1,559,560,561,-1,561,560,562,-1,561,562,563,-1,563,562,564,-1,563,564,565,-1,565,564,566,-1,565,566,567,-1,567,566,568,-1,567,568,569,-1,569,568,570,-1,570,568,571,-1,570,571,572,-1,570,572,573,-1,573,572,574,-1,573,574,575,-1,575,574,576,-1,575,576,577,-1,577,576,578,-1,577,578,579,-1,579,578,580,-1,579,580,581,-1,581,580,582,-1,581,582,583,-1,583,582,550,-1,583,550,549,-1,553,545,551,-1,551,545,544,-1,555,553,571,-1,571,553,572,-1,553,551,550,-1,578,576,553,-1,553,576,574,-1,553,574,572,-1,550,582,553,-1,553,582,580,-1,553,580,578,-1,571,568,555,-1,555,568,566,-1,555,566,564,-1,564,562,555,-1,555,562,560,-1,555,560,556,-1,556,560,558,-1,584,585,586,-1,586,585,587,-1,584,586,588,-1,589,590,588,-1,588,590,591,-1,588,591,584,-1,587,585,592,-1,592,585,593,-1,592,593,594,-1,594,593,595,-1,594,595,596,-1,594,596,597,-1,597,596,598,-1,597,598,599,-1,599,598,600,-1,599,600,601,-1,601,600,602,-1,601,602,603,-1,603,602,604,-1,603,604,605,-1,605,604,606,-1,605,606,607,-1,607,606,608,-1,607,608,609,-1,609,608,610,-1,610,608,611,-1,610,611,612,-1,610,612,613,-1,613,612,614,-1,613,614,615,-1,615,614,616,-1,615,616,617,-1,617,616,618,-1,617,618,619,-1,619,618,620,-1,619,620,621,-1,621,620,622,-1,621,622,623,-1,623,622,590,-1,623,590,589,-1,593,585,591,-1,591,585,584,-1,593,591,590,-1,590,622,593,-1,593,622,620,-1,593,620,618,-1,618,616,593,-1,593,616,614,-1,593,614,612,-1,612,611,593,-1,593,611,608,-1,593,608,595,-1,595,608,606,-1,595,606,596,-1,596,606,604,-1,604,602,596,-1,596,602,600,-1,596,600,598,-1,624,625,626,-1,626,625,627,-1,628,624,629,-1,629,624,626,-1,630,628,631,-1,631,628,629,-1,625,630,627,-1,627,630,631,-1,628,630,624,-1,624,630,625,-1,
        ]
    }
}
Shape{
    appearance Appearance {
        material  Material 	{
            diffuseColor 1.0 1.0 1.0
            specularColor 0.5019607843137255 0.5019607843137255 0.5019607843137255
            ambientIntensity 1.0
            transparency 0.0
            shininess 0.5
        }
    }
    geometry IndexedFaceSet {
        ccw TRUE
        solid FALSE
        coord DEF co Coordinate {
            point [
                -0.594 -0.2869 0.3819, -0.594 -0.2869 0.3858, -0.5961 -0.2706 0.3819, -0.5961 -0.2706 0.3858, -0.6024 -0.2554 0.3819, -0.6024 -0.2554 0.3858, -0.6124 -0.2424 0.3819, -0.6124 -0.2424 0.3858, -0.6255 -0.2324 0.3819, -0.6255 -0.2324 0.3858, -0.6407 -0.2261 0.3819, -0.6407 -0.2261 0.3858, -0.657 -0.2239 0.3819, -0.657 -0.2239 0.3858, -0.6733 -0.2261 0.3819, -0.6733 -0.2261 0.3858, -0.6885 -0.2324 0.3819, -0.6885 -0.2324 0.3858, -0.7015 -0.2424 0.3819, -0.7015 -0.2424 0.3858, -0.7115 -0.2554 0.3819, -0.7115 -0.2554 0.3858, -0.7178 -0.2706 0.3819, -0.7178 -0.2706 0.3858, -0.72 -0.2869 0.3819, -0.72 -0.2869 0.3858, -0.7178 -0.3032 0.3819, -0.7178 -0.3032 0.3858, -0.7115 -0.3184 0.3819, -0.7115 -0.3184 0.3858, -0.7015 -0.3315 0.3819, -0.7015 -0.3315 0.3858, -0.6885 -0.3415 0.3819, -0.6885 -0.3415 0.3858, -0.6733 -0.3478 0.3819, -0.6733 -0.3478 0.3858, -0.657 -0.3499 0.3819, -0.657 -0.3499 0.3858, -0.6407 -0.3478 0.3819, -0.6407 -0.3478 0.3858, -0.6255 -0.3415 0.3819, -0.6255 -0.3415 0.3858, -0.6124 -0.3315 0.3819, -0.6124 -0.3315 0.3858, -0.6024 -0.3184 0.3819, -0.6024 -0.3184 0.3858, -0.5961 -0.3032 0.3819, -0.5961 -0.3032 0.3858, -0.657 -0.2869 0.3819, 0.4307 -0.5082 0.3898, 0.4307 -0.5143 0.3898, 0.4307 -0.5082 0.3858, 0.4307 -0.5143 0.3858, 0.4094 -0.5082 0.3898, 0.4094 -0.5082 0.3858, 0.4094 -0.4609 0.3898, 0.4094 -0.4609 0.3858, 0.4025 -0.4609 0.3898, 0.4025 -0.4609 0.3858, 0.4025 -0.5143 0.3898, 0.4025 -0.5143 0.3858, 0.458 -0.5152 0.3898, 0.458 -0.5152 0.3858, 0.4662 -0.5144 0.3898, 0.4628 -0.5148 0.3858, 0.4662 -0.5144 0.3858, 0.4719 -0.5126 0.3858, 0.4719 -0.5126 0.3898, 0.4728 -0.5121 0.3858, 0.4728 -0.5121 0.3898, 0.4728 -0.5055 0.3898, 0.4728 -0.5055 0.3858, 0.4676 -0.5078 0.3858, 0.4676 -0.5078 0.3898, 0.4616 -0.509 0.3858, 0.4616 -0.509 0.3898, 0.459 -0.5091 0.3858, 0.459 -0.5091 0.3898, 0.4536 -0.5084 0.3858, 0.4536 -0.5084 0.3898, 0.4498 -0.5069 0.3858, 0.4498 -0.5069 0.3898, 0.4464 -0.5045 0.3858, 0.4464 -0.5045 0.3898, 0.4453 -0.5034 0.3858, 0.4453 -0.5034 0.3898, 0.4427 -0.4998 0.3858, 0.4427 -0.4998 0.3898, 0.441 -0.4955 0.3858, 0.441 -0.4955 0.3898, 0.4402 -0.4902 0.3858, 0.4402 -0.4902 0.3898, 0.4401 -0.4882 0.3858, 0.4401 -0.4882 0.3898, 0.4408 -0.4815 0.3858, 0.4408 -0.4815 0.3898, 0.4425 -0.4767 0.3858, 0.4425 -0.4767 0.3898, 0.445 -0.4729 0.3858, 0.445 -0.4729 0.3898, 0.4457 -0.4722 0.3858, 0.4457 -0.4722 0.3898, 0.4493 -0.4692 0.3858, 0.4493 -0.4692 0.3898, 0.4535 -0.4672 0.3858, 0.4535 -0.4672 0.3898, 0.4582 -0.4663 0.3858, 0.4582 -0.4663 0.3898, 0.4602 -0.4662 0.3858, 0.4602 -0.4662 0.3898, 0.4668 -0.467 0.3858, 0.4668 -0.467 0.3898, 0.4722 -0.4691 0.3858, 0.4722 -0.4691 0.3898, 0.4728 -0.4694 0.3858, 0.4728 -0.4694 0.3898, 0.4728 -0.4622 0.3898, 0.4728 -0.4622 0.3858, 0.4602 -0.46 0.3858, 0.4602 -0.46 0.3898, 0.4603 -0.46 0.3898, 0.4673 -0.4606 0.3858, 0.4673 -0.4606 0.3898, 0.4658 -0.4605 0.3858, 0.4603 -0.46 0.3858, 0.4565 -0.4605 0.3858, 0.4524 -0.461 0.3898, 0.4524 -0.461 0.3858, 0.4468 -0.4632 0.3858, 0.4468 -0.4632 0.3898, 0.4418 -0.4667 0.3858, 0.4418 -0.4667 0.3898, 0.4406 -0.4679 0.3858, 0.4406 -0.4679 0.3898, 0.4367 -0.4729 0.3858, 0.4352 -0.4763 0.3858, 0.4342 -0.4789 0.3898, 0.4367 -0.4729 0.3898, 0.4342 -0.4789 0.3858, 0.433 -0.4858 0.3858, 0.433 -0.4858 0.3898, 0.4329 -0.4886 0.3858, 0.4329 -0.4886 0.3898, 0.4337 -0.4966 0.3858, 0.4337 -0.4966 0.3898, 0.4352 -0.5008 0.3858, 0.4358 -0.5023 0.3898, 0.4358 -0.5023 0.3858, 0.4389 -0.507 0.3858, 0.4389 -0.507 0.3898, 0.4397 -0.5079 0.3858, 0.4397 -0.5079 0.3898, 0.4548 -0.5151 0.3898, 0.444 -0.5115 0.3858, 0.444 -0.5115 0.3898, 0.449 -0.5139 0.3858, 0.449 -0.5139 0.3898, 0.4534 -0.5148 0.3858, 0.4548 -0.5151 0.3858, 0.5122 -0.5082 0.3898, 0.5122 -0.5143 0.3898, 0.5122 -0.5082 0.3858, 0.5122 -0.5143 0.3858, 0.4904 -0.5082 0.3858, 0.4904 -0.5082 0.3898, 0.5048 -0.5082 0.3858, 0.4904 -0.4903 0.3898, 0.4904 -0.4903 0.3858, 0.5095 -0.4903 0.3898, 0.5048 -0.4903 0.3858, 0.5095 -0.4903 0.3858, 0.5095 -0.4842 0.3898, 0.5095 -0.4842 0.3858, 0.4904 -0.4842 0.3858, 0.4904 -0.4842 0.3898, 0.5048 -0.4842 0.3858, 0.4904 -0.4671 0.3898, 0.4904 -0.4671 0.3858, 0.511 -0.4671 0.3898, 0.5048 -0.4671 0.3858, 0.511 -0.4671 0.3858, 0.511 -0.4609 0.3898, 0.511 -0.4609 0.3858, 0.4835 -0.4609 0.3858, 0.4835 -0.4609 0.3898, 0.5048 -0.4609 0.3858, 0.4835 -0.5143 0.3898, 0.4835 -0.5143 0.3858, 0.5048 -0.5143 0.3858, 0.5555 -0.4994 0.3898, 0.5528 -0.5027 0.3898, 0.5577 -0.5068 0.3898, 0.5518 -0.5035 0.3898, 0.5522 -0.5108 0.3898, 0.5483 -0.5059 0.3898, 0.5462 -0.5132 0.3898, 0.5437 -0.5075 0.3898, 0.537 -0.5143 0.3898, 0.5369 -0.5082 0.3898, 0.5223 -0.5143 0.3898, 0.5292 -0.5082 0.3898, 0.5223 -0.4609 0.3898, 0.5292 -0.4671 0.3898, 0.5375 -0.4609 0.3898, 0.5373 -0.4671 0.3898, 0.5457 -0.4618 0.3898, 0.5441 -0.4678 0.3898, 0.5521 -0.4642 0.3898, 0.5488 -0.4695 0.3898, 0.5577 -0.468 0.3898, 0.5527 -0.4721 0.3898, 0.5595 -0.4698 0.3898, 0.5544 -0.4739 0.3898, 0.5629 -0.4744 0.3898, 0.5564 -0.4769 0.3898, 0.5649 -0.4795 0.3898, 0.5579 -0.481 0.3898, 0.5658 -0.4869 0.3898, 0.5585 -0.4871 0.3898, 0.5656 -0.4903 0.3898, 0.5583 -0.4905 0.3898, 0.5643 -0.4966 0.3898, 0.5573 -0.4954 0.3898, 0.5617 -0.5021 0.3898, 0.537 -0.5143 0.3858, 0.5223 -0.5143 0.3858, 0.5577 -0.5068 0.3858, 0.5462 -0.5132 0.3858, 0.5468 -0.5129 0.3858, 0.5522 -0.5108 0.3858, 0.5617 -0.5021 0.3858, 0.5643 -0.4966 0.3858, 0.5656 -0.4903 0.3858, 0.5658 -0.4869 0.3858, 0.5649 -0.4795 0.3858, 0.5629 -0.4744 0.3858, 0.5595 -0.4698 0.3858, 0.5577 -0.468 0.3858, 0.5375 -0.4609 0.3858, 0.5521 -0.4642 0.3858, 0.5468 -0.4622 0.3858, 0.5457 -0.4618 0.3858, 0.5223 -0.4609 0.3858, 0.5373 -0.4671 0.3858, 0.5292 -0.4671 0.3858, 0.5292 -0.5082 0.3858, 0.5369 -0.5082 0.3858, 0.5528 -0.5027 0.3858, 0.5518 -0.5035 0.3858, 0.5483 -0.5059 0.3858, 0.5437 -0.5075 0.3858, 0.5585 -0.4871 0.3858, 0.5583 -0.4905 0.3858, 0.5573 -0.4954 0.3858, 0.5555 -0.4994 0.3858, 0.5527 -0.4721 0.3858, 0.5544 -0.4739 0.3858, 0.5564 -0.4769 0.3858, 0.5579 -0.481 0.3858, 0.5441 -0.4678 0.3858, 0.5488 -0.4695 0.3858
            ]
        }
        coordIndex [
            0,1,2,-1,2,1,3,-1,2,3,4,-1,4,3,5,-1,4,5,6,-1,6,5,7,-1,6,7,8,-1,8,7,9,-1,8,9,10,-1,10,9,11,-1,10,11,12,-1,12,11,13,-1,12,13,14,-1,14,13,15,-1,14,15,16,-1,16,15,17,-1,16,17,18,-1,18,17,19,-1,18,19,20,-1,20,19,21,-1,20,21,22,-1,22,21,23,-1,22,23,24,-1,24,23,25,-1,24,25,26,-1,26,25,27,-1,26,27,28,-1,28,27,29,-1,28,29,30,-1,30,29,31,-1,30,31,32,-1,32,31,33,-1,32,33,34,-1,34,33,35,-1,34,35,36,-1,36,35,37,-1,36,37,38,-1,38,37,39,-1,38,39,40,-1,40,39,41,-1,40,41,42,-1,42,41,43,-1,42,43,44,-1,44,43,45,-1,44,45,46,-1,46,45,47,-1,46,47,0,-1,0,47,1,-1,44,46,48,-1,48,46,0,-1,48,0,2,-1,38,40,48,-1,48,40,42,-1,48,42,44,-1,32,34,48,-1,48,34,36,-1,48,36,38,-1,26,28,48,-1,48,28,30,-1,48,30,32,-1,20,22,48,-1,48,22,24,-1,48,24,26,-1,14,16,48,-1,48,16,18,-1,48,18,20,-1,8,10,48,-1,48,10,12,-1,48,12,14,-1,2,4,48,-1,48,4,6,-1,48,6,8,-1,49,50,51,-1,51,50,52,-1,53,49,54,-1,54,49,51,-1,55,53,56,-1,56,53,54,-1,57,55,58,-1,58,55,56,-1,59,57,60,-1,60,57,58,-1,50,59,52,-1,52,59,60,-1,55,57,53,-1,53,57,59,-1,53,59,49,-1,49,59,50,-1,61,62,63,-1,63,62,64,-1,64,65,63,-1,63,65,66,-1,63,66,67,-1,67,66,68,-1,67,68,69,-1,70,69,71,-1,71,69,68,-1,70,71,72,-1,70,72,73,-1,73,72,74,-1,73,74,75,-1,75,74,76,-1,75,76,77,-1,77,76,78,-1,77,78,79,-1,79,78,80,-1,79,80,81,-1,81,80,82,-1,81,82,83,-1,83,82,84,-1,83,84,85,-1,85,84,86,-1,85,86,87,-1,87,86,88,-1,87,88,89,-1,89,88,90,-1,89,90,91,-1,91,90,92,-1,91,92,93,-1,93,92,94,-1,93,94,95,-1,95,94,96,-1,95,96,97,-1,97,96,98,-1,97,98,99,-1,99,98,100,-1,99,100,101,-1,101,100,102,-1,101,102,103,-1,103,102,104,-1,103,104,105,-1,105,104,106,-1,105,106,107,-1,107,106,108,-1,107,108,109,-1,109,108,110,-1,109,110,111,-1,111,110,112,-1,111,112,113,-1,113,112,114,-1,113,114,115,-1,116,115,117,-1,117,115,114,-1,118,119,120,-1,116,117,121,-1,116,121,122,-1,122,121,123,-1,122,123,120,-1,120,123,124,-1,120,124,118,-1,119,118,125,-1,119,125,126,-1,125,127,126,-1,126,127,128,-1,126,128,129,-1,129,128,130,-1,129,130,131,-1,131,130,132,-1,131,132,133,-1,133,132,134,-1,135,136,134,-1,134,136,137,-1,134,137,133,-1,135,138,136,-1,136,138,139,-1,136,139,140,-1,140,139,141,-1,140,141,142,-1,142,141,143,-1,142,143,144,-1,144,143,145,-1,144,145,146,-1,145,147,146,-1,146,147,148,-1,146,148,149,-1,149,148,150,-1,149,150,151,-1,62,61,152,-1,151,150,153,-1,151,153,154,-1,154,153,155,-1,154,155,156,-1,156,155,157,-1,156,157,152,-1,152,157,158,-1,152,158,62,-1,113,115,116,-1,95,97,137,-1,113,116,111,-1,111,116,122,-1,111,122,109,-1,109,122,120,-1,109,120,107,-1,107,120,119,-1,107,119,105,-1,105,119,126,-1,105,126,103,-1,69,70,67,-1,67,70,73,-1,67,73,63,-1,63,73,75,-1,63,75,61,-1,61,75,77,-1,61,77,152,-1,152,77,79,-1,152,79,156,-1,156,79,81,-1,156,81,154,-1,154,81,83,-1,154,83,151,-1,151,83,85,-1,151,85,149,-1,149,85,87,-1,149,87,146,-1,137,97,133,-1,126,129,103,-1,103,129,131,-1,103,131,101,-1,101,131,133,-1,101,133,99,-1,99,133,97,-1,142,93,140,-1,140,93,95,-1,140,95,136,-1,136,95,137,-1,146,87,144,-1,144,87,89,-1,144,89,142,-1,142,89,91,-1,142,91,93,-1,159,160,161,-1,161,160,162,-1,163,164,165,-1,165,164,159,-1,165,159,161,-1,166,164,167,-1,167,164,163,-1,166,167,168,-1,168,167,169,-1,168,169,170,-1,171,168,172,-1,172,168,170,-1,173,174,175,-1,175,174,171,-1,175,171,172,-1,176,174,177,-1,177,174,173,-1,176,177,178,-1,178,177,179,-1,178,179,180,-1,181,178,182,-1,182,178,180,-1,183,184,185,-1,185,184,181,-1,185,181,182,-1,186,184,187,-1,187,184,183,-1,186,187,160,-1,160,187,188,-1,160,188,162,-1,186,160,159,-1,159,164,186,-1,186,164,166,-1,186,166,184,-1,178,181,176,-1,176,181,184,-1,176,184,174,-1,174,184,166,-1,174,166,171,-1,171,166,168,-1,189,190,191,-1,191,190,192,-1,191,192,193,-1,193,192,194,-1,193,194,195,-1,195,194,196,-1,195,196,197,-1,197,196,198,-1,197,198,199,-1,199,198,200,-1,199,200,201,-1,201,200,202,-1,201,202,203,-1,203,202,204,-1,203,204,205,-1,205,204,206,-1,205,206,207,-1,207,206,208,-1,207,208,209,-1,209,208,210,-1,209,210,211,-1,211,210,212,-1,211,212,213,-1,213,212,214,-1,213,214,215,-1,215,214,216,-1,215,216,217,-1,217,216,218,-1,217,218,219,-1,219,218,220,-1,219,220,221,-1,221,220,222,-1,221,222,223,-1,223,222,189,-1,223,189,191,-1,197,199,224,-1,224,199,225,-1,226,191,193,-1,197,224,227,-1,197,227,195,-1,195,227,228,-1,195,228,193,-1,193,228,229,-1,193,229,226,-1,191,226,230,-1,191,230,223,-1,223,230,231,-1,223,231,221,-1,221,231,232,-1,221,232,219,-1,219,232,233,-1,219,233,217,-1,217,233,234,-1,217,234,215,-1,215,234,235,-1,215,235,213,-1,213,235,236,-1,213,236,211,-1,211,236,237,-1,211,237,209,-1,238,203,205,-1,209,237,239,-1,209,239,207,-1,207,239,240,-1,207,240,205,-1,205,240,241,-1,205,241,238,-1,201,203,242,-1,242,203,238,-1,199,201,225,-1,225,201,242,-1,204,202,243,-1,243,202,244,-1,202,200,244,-1,244,200,245,-1,200,198,245,-1,245,198,246,-1,190,247,248,-1,190,248,192,-1,192,248,249,-1,192,249,194,-1,194,249,250,-1,194,250,196,-1,196,250,246,-1,196,246,198,-1,218,251,252,-1,218,252,220,-1,220,252,253,-1,220,253,222,-1,222,253,254,-1,222,254,189,-1,189,254,247,-1,189,247,190,-1,210,255,256,-1,210,256,212,-1,212,256,257,-1,212,257,214,-1,214,257,258,-1,214,258,216,-1,216,258,251,-1,216,251,218,-1,204,243,259,-1,204,259,206,-1,206,259,260,-1,206,260,208,-1,208,260,255,-1,208,255,210,-1,
        ]
    }
}
Shape{
    appearance Appearance {
        material  Material 	{
            diffuseColor 0.2235294117647059 0.2235294117647059 0.2235294117647059
            specularColor 0.11372549019607843 0.11372549019607843 0.11372549019607843
            ambientIntensity 0.2235
            transparency 0.0
            shininess 0.5
        }
    }
    geometry IndexedFaceSet {
        ccw TRUE
        solid FALSE
        coord DEF co Coordinate {
            point [
                0.5292 -0.4671 0.3858, 0.5292 -0.5082 0.3858, 0.5373 -0.4671 0.3858, 0.5369 -0.5082 0.3858, 0.5437 -0.5075 0.3858, 0.5483 -0.5059 0.3858, 0.5518 -0.5035 0.3858, 0.5528 -0.5027 0.3858, 0.5555 -0.4994 0.3858, 0.5573 -0.4954 0.3858, 0.5583 -0.4905 0.3858, 0.5585 -0.4871 0.3858, 0.5579 -0.481 0.3858, 0.5564 -0.4769 0.3858, 0.5544 -0.4739 0.3858, 0.5527 -0.4721 0.3858, 0.5441 -0.4678 0.3858, 0.5488 -0.4695 0.3858
            ]
        }
        coordIndex [
            0,1,2,-1,2,1,3,-1,2,3,4,-1,4,5,2,-1,2,5,6,-1,2,6,7,-1,7,8,2,-1,2,8,9,-1,2,9,10,-1,10,11,2,-1,2,11,12,-1,2,12,13,-1,13,14,2,-1,2,14,15,-1,2,15,16,-1,16,15,17,-1,
        ]
    }
}
Shape{
    appearance Appearance {
        material  Material 	{
            diffuseColor 1.0 1.0 1.0
            specularColor 0.5019607843137255 0.5019607843137255 0.5019607843137255
            ambientIntensity 1.0
            transparency 0.0
            shininess 0.5
        }
    }
    geometry IndexedFaceSet {
        ccw TRUE
        solid FALSE
        coord DEF co Coordinate {
            point [
                0.5837 -0.4937 0.3898, 0.5815 -0.4997 0.3898, 0.6016 -0.4937 0.3898, 0.6037 -0.4997 0.3898, 0.5916 -0.4715 0.3898, 0.5891 -0.4609 0.3898, 0.5687 -0.5143 0.3898, 0.5763 -0.5143 0.3898, 0.5921 -0.4699 0.3898, 0.5925 -0.4678 0.3898, 0.5964 -0.4609 0.3898, 0.5927 -0.4678 0.3898, 0.5931 -0.47 0.3898, 0.5935 -0.4715 0.3898, 0.6168 -0.5143 0.3898, 0.6091 -0.5143 0.3898, 0.5964 -0.4609 0.3858, 0.6168 -0.5143 0.3858, 0.5891 -0.4609 0.3858, 0.5687 -0.5143 0.3858, 0.5841 -0.4739 0.3858, 0.5763 -0.5143 0.3858, 0.5815 -0.4997 0.3858, 0.6037 -0.4997 0.3858, 0.5841 -0.4997 0.3858, 0.6091 -0.5143 0.3858, 0.5837 -0.4937 0.3858, 0.6016 -0.4937 0.3858, 0.5935 -0.4715 0.3858, 0.5927 -0.4678 0.3858, 0.5931 -0.47 0.3858, 0.5925 -0.4678 0.3858, 0.5916 -0.4715 0.3858, 0.5921 -0.4699 0.3858
            ]
        }
        coordIndex [
            0,1,2,-1,2,1,3,-1,4,5,0,-1,0,5,6,-1,0,6,1,-1,1,6,7,-1,4,8,5,-1,5,8,9,-1,5,9,10,-1,10,9,11,-1,10,11,12,-1,12,13,10,-1,10,13,2,-1,10,2,14,-1,14,2,3,-1,14,3,15,-1,10,14,16,-1,16,14,17,-1,5,10,18,-1,18,10,16,-1,19,6,20,-1,20,6,5,-1,20,5,18,-1,7,6,21,-1,21,6,19,-1,1,7,22,-1,22,7,21,-1,23,3,24,-1,24,3,1,-1,24,1,22,-1,15,3,25,-1,25,3,23,-1,14,15,17,-1,17,15,25,-1,0,2,26,-1,26,2,27,-1,2,13,27,-1,27,13,28,-1,11,29,30,-1,11,30,12,-1,12,30,28,-1,12,28,13,-1,11,9,29,-1,29,9,31,-1,4,32,33,-1,4,33,8,-1,8,33,31,-1,8,31,9,-1,4,0,32,-1,32,0,26,-1,
        ]
    }
}
Shape{
    appearance Appearance {
        material  Material 	{
            diffuseColor 0.2235294117647059 0.2235294117647059 0.2235294117647059
            specularColor 0.11372549019607843 0.11372549019607843 0.11372549019607843
            ambientIntensity 0.2235
            transparency 0.0
            shininess 0.5
        }
    }
    geometry IndexedFaceSet {
        ccw TRUE
        solid FALSE
        coord DEF co Coordinate {
            point [
                0.5927 -0.4678 0.3858, 0.5925 -0.4678 0.3858, 0.5931 -0.47 0.3858, 0.5921 -0.4699 0.3858, 0.5935 -0.4715 0.3858, 0.5916 -0.4715 0.3858, 0.6016 -0.4937 0.3858, 0.5837 -0.4937 0.3858
            ]
        }
        coordIndex [
            0,1,2,-1,2,1,3,-1,2,3,4,-1,4,3,5,-1,4,5,6,-1,6,5,7,-1,
        ]
    }
}
Shape{
    appearance Appearance {
        material  Material 	{
            diffuseColor 1.0 1.0 1.0
            specularColor 0.5019607843137255 0.5019607843137255 0.5019607843137255
            ambientIntensity 1.0
            transparency 0.0
            shininess 0.5
        }
    }
    geometry IndexedFaceSet {
        ccw TRUE
        solid FALSE
        coord DEF co Coordinate {
            point [
                0.4312 -0.5929 0.3898, 0.4312 -0.599 0.3898, 0.4312 -0.5929 0.3858, 0.4312 -0.599 0.3858, 0.4094 -0.5929 0.3898, 0.4094 -0.5929 0.3858, 0.4094 -0.5749 0.3898, 0.4094 -0.5749 0.3858, 0.4285 -0.5749 0.3898, 0.4285 -0.5749 0.3858, 0.4285 -0.5688 0.3898, 0.4285 -0.5688 0.3858, 0.4094 -0.5688 0.3898, 0.4094 -0.5688 0.3858, 0.4094 -0.5517 0.3898, 0.4094 -0.5517 0.3858, 0.43 -0.5517 0.3898, 0.43 -0.5517 0.3858, 0.43 -0.5456 0.3898, 0.43 -0.5456 0.3858, 0.4025 -0.5456 0.3898, 0.4025 -0.5456 0.3858, 0.4025 -0.599 0.3898, 0.4025 -0.599 0.3858, 0.4527 -0.5811 0.3898, 0.4616 -0.5799 0.3898, 0.4683 -0.5745 0.3898, 0.4616 -0.599 0.3898, 0.4683 -0.599 0.3898, 0.4616 -0.5931 0.3898, 0.4616 -0.5748 0.3898, 0.4471 -0.5827 0.3898, 0.4487 -0.582 0.3898, 0.4614 -0.5931 0.3898, 0.458 -0.592 0.3898, 0.4602 -0.5948 0.3898, 0.4561 -0.5933 0.3898, 0.4616 -0.5835 0.3898, 0.4612 -0.5868 0.3898, 0.4602 -0.5892 0.3898, 0.4587 -0.5913 0.3898, 0.445 -0.591 0.3898, 0.44 -0.5959 0.3898, 0.4458 -0.5921 0.3898, 0.4409 -0.5969 0.3898, 0.4464 -0.5927 0.3898, 0.443 -0.5984 0.3898, 0.4477 -0.5936 0.3898, 0.4455 -0.5994 0.3898, 0.4492 -0.5942 0.3898, 0.4487 -0.5999 0.3898, 0.4497 -0.5999 0.3898, 0.4515 -0.5944 0.3898, 0.4529 -0.5996 0.3898, 0.4541 -0.5941 0.3898, 0.4556 -0.5986 0.3898, 0.4581 -0.5971 0.3898, 0.4614 -0.5719 0.3898, 0.4677 -0.5693 0.3898, 0.4607 -0.5695 0.3898, 0.4667 -0.5663 0.3898, 0.4599 -0.5681 0.3898, 0.4653 -0.5641 0.3898, 0.4589 -0.567 0.3898, 0.4635 -0.5625 0.3898, 0.4577 -0.5662 0.3898, 0.4613 -0.5612 0.3898, 0.4562 -0.5657 0.3898, 0.4584 -0.5603 0.3898, 0.4539 -0.5654 0.3898, 0.4545 -0.56 0.3898, 0.4502 -0.5658 0.3898, 0.4477 -0.5608 0.3898, 0.446 -0.5671 0.3898, 0.4427 -0.5628 0.3898, 0.4414 -0.57 0.3898, 0.4414 -0.5635 0.3898, 0.4445 -0.5872 0.3898, 0.4377 -0.588 0.3898, 0.4444 -0.5882 0.3898, 0.4376 -0.5888 0.3898, 0.4446 -0.5898 0.3898, 0.438 -0.5918 0.3898, 0.4388 -0.594 0.3898, 0.4503 -0.5763 0.3898, 0.4452 -0.5776 0.3898, 0.4462 -0.5834 0.3898, 0.4424 -0.579 0.3898, 0.4454 -0.5844 0.3898, 0.4403 -0.5808 0.3898, 0.4448 -0.5856 0.3898, 0.439 -0.5827 0.3898, 0.4381 -0.5851 0.3898, 0.4545 -0.56 0.3858, 0.4477 -0.5608 0.3858, 0.4427 -0.5628 0.3858, 0.4414 -0.5635 0.3858, 0.4414 -0.57 0.3858, 0.446 -0.5671 0.3858, 0.4502 -0.5658 0.3858, 0.4539 -0.5654 0.3858, 0.4562 -0.5657 0.3858, 0.4577 -0.5662 0.3858, 0.4589 -0.567 0.3858, 0.4599 -0.5681 0.3858, 0.4607 -0.5695 0.3858, 0.4614 -0.5719 0.3858, 0.4616 -0.5748 0.3858, 0.4503 -0.5763 0.3858, 0.4452 -0.5776 0.3858, 0.4424 -0.579 0.3858, 0.4403 -0.5808 0.3858, 0.439 -0.5827 0.3858, 0.4381 -0.5851 0.3858, 0.4377 -0.588 0.3858, 0.4376 -0.5888 0.3858, 0.438 -0.5918 0.3858, 0.4388 -0.594 0.3858, 0.44 -0.5959 0.3858, 0.4409 -0.5969 0.3858, 0.4497 -0.5999 0.3858, 0.443 -0.5984 0.3858, 0.4455 -0.5994 0.3858, 0.446 -0.5994 0.3858, 0.4487 -0.5999 0.3858, 0.4529 -0.5996 0.3858, 0.4533 -0.5994 0.3858, 0.4556 -0.5986 0.3858, 0.4581 -0.5971 0.3858, 0.4602 -0.5948 0.3858, 0.4614 -0.5931 0.3858, 0.4616 -0.5931 0.3858, 0.4616 -0.599 0.3858, 0.4683 -0.599 0.3858, 0.4683 -0.5745 0.3858, 0.4677 -0.5693 0.3858, 0.4667 -0.5663 0.3858, 0.4653 -0.5641 0.3858, 0.4635 -0.5625 0.3858, 0.4613 -0.5612 0.3858, 0.4584 -0.5603 0.3858, 0.4462 -0.5834 0.3858, 0.4471 -0.5827 0.3858, 0.4487 -0.582 0.3858, 0.4527 -0.5811 0.3858, 0.4444 -0.5882 0.3858, 0.4445 -0.5872 0.3858, 0.4448 -0.5856 0.3858, 0.4454 -0.5844 0.3858, 0.4464 -0.5927 0.3858, 0.4458 -0.5921 0.3858, 0.445 -0.591 0.3858, 0.4446 -0.5898 0.3858, 0.4515 -0.5944 0.3858, 0.4492 -0.5942 0.3858, 0.4477 -0.5936 0.3858, 0.4587 -0.5913 0.3858, 0.458 -0.592 0.3858, 0.4561 -0.5933 0.3858, 0.4541 -0.5941 0.3858, 0.4616 -0.5835 0.3858, 0.4612 -0.5868 0.3858, 0.4602 -0.5892 0.3858, 0.4616 -0.5799 0.3858
            ]
        }
        coordIndex [
            0,1,2,-1,2,1,3,-1,4,0,5,-1,5,0,2,-1,6,4,7,-1,7,4,5,-1,8,6,9,-1,9,6,7,-1,10,8,11,-1,11,8,9,-1,12,10,13,-1,13,10,11,-1,14,12,15,-1,15,12,13,-1,16,14,17,-1,17,14,15,-1,18,16,19,-1,19,16,17,-1,20,18,21,-1,21,18,19,-1,22,20,23,-1,23,20,21,-1,1,22,3,-1,3,22,23,-1,22,1,0,-1,0,4,22,-1,22,4,6,-1,22,6,20,-1,16,18,14,-1,14,18,20,-1,14,20,12,-1,12,20,6,-1,12,6,10,-1,10,6,8,-1,24,25,26,-1,27,28,29,-1,29,28,26,-1,30,31,32,-1,33,34,35,-1,35,34,36,-1,25,37,26,-1,26,37,38,-1,26,38,29,-1,29,38,39,-1,29,39,33,-1,33,39,40,-1,33,40,34,-1,41,42,43,-1,43,42,44,-1,43,44,45,-1,45,44,46,-1,45,46,47,-1,47,46,48,-1,47,48,49,-1,48,50,49,-1,49,50,51,-1,49,51,52,-1,52,51,53,-1,52,53,54,-1,54,53,55,-1,54,55,36,-1,36,55,56,-1,36,56,35,-1,32,24,30,-1,30,24,26,-1,30,26,57,-1,57,26,58,-1,57,58,59,-1,59,58,60,-1,59,60,61,-1,61,60,62,-1,61,62,63,-1,63,62,64,-1,63,64,65,-1,65,64,66,-1,65,66,67,-1,67,66,68,-1,67,68,69,-1,69,68,70,-1,69,70,71,-1,71,70,72,-1,71,72,73,-1,73,72,74,-1,73,74,75,-1,75,74,76,-1,77,78,79,-1,79,78,80,-1,79,80,81,-1,81,80,82,-1,81,82,41,-1,41,82,83,-1,41,83,42,-1,30,84,31,-1,31,84,85,-1,31,85,86,-1,86,85,87,-1,86,87,88,-1,88,87,89,-1,88,89,90,-1,90,89,91,-1,90,91,77,-1,77,91,92,-1,77,92,78,-1,70,93,94,-1,70,94,72,-1,72,94,95,-1,72,95,74,-1,74,95,96,-1,74,96,76,-1,75,76,97,-1,97,76,96,-1,75,97,98,-1,75,98,73,-1,73,98,99,-1,73,99,71,-1,71,99,100,-1,71,100,69,-1,69,100,101,-1,69,101,67,-1,67,101,102,-1,67,102,65,-1,65,102,103,-1,65,103,63,-1,63,103,104,-1,63,104,61,-1,61,104,105,-1,61,105,59,-1,59,105,106,-1,59,106,57,-1,57,106,107,-1,57,107,30,-1,84,30,108,-1,108,30,107,-1,84,108,109,-1,84,109,85,-1,85,109,110,-1,85,110,87,-1,87,110,111,-1,87,111,89,-1,89,111,112,-1,89,112,91,-1,91,112,113,-1,91,113,92,-1,92,113,114,-1,92,114,78,-1,78,114,115,-1,78,115,80,-1,80,115,116,-1,80,116,82,-1,82,116,117,-1,82,117,83,-1,83,117,118,-1,83,118,42,-1,42,118,119,-1,42,119,44,-1,120,51,50,-1,44,119,121,-1,44,121,46,-1,46,121,122,-1,46,122,48,-1,48,122,123,-1,48,123,50,-1,50,123,124,-1,50,124,120,-1,51,120,125,-1,51,125,53,-1,53,125,126,-1,53,126,55,-1,126,127,55,-1,55,127,128,-1,55,128,56,-1,56,128,129,-1,56,129,35,-1,35,129,130,-1,35,130,33,-1,29,33,131,-1,131,33,130,-1,27,29,132,-1,132,29,131,-1,28,27,133,-1,133,27,132,-1,26,28,134,-1,134,28,133,-1,26,134,135,-1,26,135,58,-1,58,135,136,-1,58,136,60,-1,60,136,137,-1,60,137,62,-1,62,137,138,-1,62,138,64,-1,64,138,139,-1,64,139,66,-1,66,139,140,-1,66,140,68,-1,68,140,93,-1,68,93,70,-1,86,141,142,-1,86,142,31,-1,31,142,143,-1,31,143,32,-1,32,143,144,-1,32,144,24,-1,79,145,146,-1,79,146,77,-1,77,146,147,-1,77,147,90,-1,90,147,148,-1,90,148,88,-1,88,148,141,-1,88,141,86,-1,45,149,150,-1,45,150,43,-1,43,150,151,-1,43,151,41,-1,41,151,152,-1,41,152,81,-1,81,152,145,-1,81,145,79,-1,52,153,154,-1,52,154,49,-1,49,154,155,-1,49,155,47,-1,47,155,149,-1,47,149,45,-1,40,156,157,-1,40,157,34,-1,34,157,158,-1,34,158,36,-1,36,158,159,-1,36,159,54,-1,54,159,153,-1,54,153,52,-1,37,160,161,-1,37,161,38,-1,38,161,162,-1,38,162,39,-1,39,162,156,-1,39,156,40,-1,37,25,160,-1,160,25,163,-1,25,24,163,-1,163,24,144,-1,
        ]
    }
}
Shape{
    appearance Appearance {
        material  Material 	{
            diffuseColor 0.2235294117647059 0.2235294117647059 0.2235294117647059
            specularColor 0.11372549019607843 0.11372549019607843 0.11372549019607843
            ambientIntensity 0.2235
            transparency 0.0
            shininess 0.5
        }
    }
    geometry IndexedFaceSet {
        ccw TRUE
        solid FALSE
        coord DEF co Coordinate {
            point [
                0.458 -0.592 0.3858, 0.4587 -0.5913 0.3858, 0.4527 -0.5811 0.3858, 0.4602 -0.5892 0.3858, 0.4541 -0.5941 0.3858, 0.4487 -0.582 0.3858, 0.4471 -0.5827 0.3858, 0.4561 -0.5933 0.3858, 0.4612 -0.5868 0.3858, 0.4616 -0.5835 0.3858, 0.4616 -0.5799 0.3858, 0.4448 -0.5856 0.3858, 0.4445 -0.5872 0.3858, 0.4444 -0.5882 0.3858, 0.4446 -0.5898 0.3858, 0.4477 -0.5936 0.3858, 0.4492 -0.5942 0.3858, 0.4464 -0.5927 0.3858, 0.4515 -0.5944 0.3858, 0.4462 -0.5834 0.3858, 0.4454 -0.5844 0.3858, 0.445 -0.591 0.3858, 0.4458 -0.5921 0.3858
            ]
        }
        coordIndex [
            0,1,2,-1,2,1,3,-1,4,5,6,-1,5,4,2,-1,2,4,7,-1,2,7,0,-1,3,8,2,-1,2,8,9,-1,2,9,10,-1,11,12,4,-1,4,12,13,-1,4,13,14,-1,15,16,17,-1,17,16,18,-1,17,18,4,-1,6,19,4,-1,4,19,20,-1,4,20,11,-1,14,21,4,-1,4,21,22,-1,4,22,17,-1,
        ]
    }
}
Shape{
    appearance Appearance {
        material  Material 	{
            diffuseColor 1.0 1.0 1.0
            specularColor 0.5019607843137255 0.5019607843137255 0.5019607843137255
            ambientIntensity 1.0
            transparency 0.0
            shininess 0.5
        }
    }
    geometry IndexedFaceSet {
        ccw TRUE
        solid FALSE
        coord DEF co Coordinate {
            point [
                0.4773 -0.5907 0.3858, 0.4773 -0.5907 0.3898, 0.4797 -0.5923 0.3898, 0.4883 -0.5944 0.3898, 0.4883 -0.5944 0.3858, 0.4839 -0.5939 0.3858, 0.4839 -0.5939 0.3898, 0.4804 -0.5925 0.3858, 0.4797 -0.5923 0.3858, 0.4773 -0.5977 0.3898, 0.4773 -0.5977 0.3858, 0.4804 -0.5987 0.3858, 0.482 -0.5993 0.3898, 0.4877 -0.5999 0.3858, 0.4877 -0.5999 0.3898, 0.4834 -0.5994 0.3858, 0.482 -0.5993 0.3858, 0.4919 -0.5994 0.3858, 0.4932 -0.5993 0.3898, 0.4932 -0.5993 0.3858, 0.4969 -0.598 0.3858, 0.4969 -0.598 0.3898, 0.4988 -0.5969 0.3858, 0.4988 -0.5969 0.3898, 0.5008 -0.5951 0.3858, 0.5008 -0.5951 0.3898, 0.502 -0.5933 0.3858, 0.502 -0.5933 0.3898, 0.5028 -0.5912 0.3858, 0.5028 -0.5912 0.3898, 0.5031 -0.5886 0.3858, 0.5031 -0.5886 0.3898, 0.5028 -0.586 0.3858, 0.5028 -0.586 0.3898, 0.502 -0.584 0.3858, 0.502 -0.584 0.3898, 0.5008 -0.5823 0.3858, 0.5008 -0.5823 0.3898, 0.4992 -0.5809 0.3858, 0.4992 -0.5809 0.3898, 0.4948 -0.5784 0.3858, 0.4948 -0.5784 0.3898, 0.4922 -0.5774 0.3858, 0.4922 -0.5774 0.3898, 0.4881 -0.5756 0.3858, 0.4881 -0.5756 0.3898, 0.4857 -0.5741 0.3858, 0.4857 -0.5741 0.3898, 0.4851 -0.5734 0.3858, 0.4851 -0.5734 0.3898, 0.4846 -0.5725 0.3858, 0.4846 -0.5725 0.3898, 0.4843 -0.5714 0.3858, 0.4843 -0.5714 0.3898, 0.4843 -0.5706 0.3858, 0.4843 -0.5706 0.3898, 0.4844 -0.5695 0.3858, 0.4844 -0.5695 0.3898, 0.4847 -0.5686 0.3858, 0.4847 -0.5686 0.3898, 0.4853 -0.5677 0.3858, 0.4853 -0.5677 0.3898, 0.4863 -0.5668 0.3858, 0.4863 -0.5668 0.3898, 0.4878 -0.566 0.3858, 0.4878 -0.566 0.3898, 0.4896 -0.5656 0.3858, 0.4896 -0.5656 0.3898, 0.4916 -0.5654 0.3858, 0.4916 -0.5654 0.3898, 0.4962 -0.566 0.3858, 0.4962 -0.566 0.3898, 0.5 -0.5675 0.3858, 0.5 -0.5675 0.3898, 0.5012 -0.5682 0.3858, 0.5012 -0.5682 0.3898, 0.5012 -0.5617 0.3898, 0.5012 -0.5617 0.3858, 0.4969 -0.5604 0.3858, 0.4969 -0.5604 0.3898, 0.4922 -0.56 0.3858, 0.4922 -0.56 0.3898, 0.4868 -0.5606 0.3858, 0.4868 -0.5606 0.3898, 0.4833 -0.562 0.3858, 0.4833 -0.562 0.3898, 0.4817 -0.563 0.3858, 0.4817 -0.563 0.3898, 0.4804 -0.5641 0.3858, 0.4796 -0.5649 0.3898, 0.4796 -0.5649 0.3858, 0.4784 -0.5667 0.3858, 0.4784 -0.5667 0.3898, 0.4776 -0.5688 0.3858, 0.4776 -0.5688 0.3898, 0.4774 -0.5712 0.3858, 0.4774 -0.5712 0.3898, 0.4777 -0.5739 0.3858, 0.4777 -0.5739 0.3898, 0.4784 -0.5759 0.3858, 0.4784 -0.5759 0.3898, 0.4793 -0.5772 0.3858, 0.4793 -0.5772 0.3898, 0.4875 -0.5822 0.3858, 0.4875 -0.5822 0.3898, 0.4835 -0.5804 0.3898, 0.4804 -0.5783 0.3858, 0.4804 -0.5783 0.3898, 0.4804 -0.5784 0.3858, 0.4835 -0.5804 0.3858, 0.4919 -0.5841 0.3858, 0.4919 -0.5841 0.3898, 0.4945 -0.5856 0.3858, 0.4945 -0.5856 0.3898, 0.4953 -0.5865 0.3858, 0.4953 -0.5865 0.3898, 0.4958 -0.5874 0.3858, 0.4958 -0.5874 0.3898, 0.4961 -0.5884 0.3858, 0.4961 -0.5884 0.3898, 0.4962 -0.5893 0.3858, 0.4962 -0.5893 0.3898, 0.4961 -0.5905 0.3858, 0.4961 -0.5905 0.3898, 0.4957 -0.5915 0.3858, 0.4957 -0.5915 0.3898, 0.4952 -0.5924 0.3858, 0.4952 -0.5924 0.3898, 0.4944 -0.593 0.3858, 0.4944 -0.593 0.3898, 0.4938 -0.5934 0.3858, 0.4938 -0.5934 0.3898, 0.4921 -0.594 0.3858, 0.4921 -0.594 0.3898, 0.4886 -0.5944 0.3858, 0.4886 -0.5944 0.3898, 0.5362 -0.5609 0.3898, 0.5432 -0.5609 0.3898, 0.5362 -0.5609 0.3858, 0.5432 -0.5609 0.3858, 0.5258 -0.5896 0.3898, 0.5258 -0.5896 0.3858, 0.5253 -0.5914 0.3858, 0.5253 -0.5914 0.3898, 0.525 -0.5927 0.3858, 0.525 -0.5927 0.3898, 0.5248 -0.5927 0.3898, 0.5248 -0.5927 0.3858, 0.524 -0.5895 0.3898, 0.524 -0.5895 0.3858, 0.514 -0.5609 0.3898, 0.5173 -0.5701 0.3858, 0.514 -0.5609 0.3858, 0.5066 -0.5609 0.3898, 0.5066 -0.5609 0.3858, 0.5215 -0.5989 0.3898, 0.5173 -0.5881 0.3858, 0.5215 -0.5989 0.3858, 0.5186 -0.6058 0.3858, 0.5186 -0.6058 0.3898, 0.5213 -0.5994 0.3858, 0.5173 -0.6082 0.3858, 0.5172 -0.6084 0.3898, 0.5172 -0.6084 0.3858, 0.5159 -0.6097 0.3858, 0.5159 -0.6097 0.3898, 0.5152 -0.6103 0.3858, 0.5152 -0.6103 0.3898, 0.5137 -0.6109 0.3858, 0.5137 -0.6109 0.3898, 0.5122 -0.6112 0.3858, 0.5122 -0.6112 0.3898, 0.5117 -0.6112 0.3858, 0.5117 -0.6112 0.3898, 0.5093 -0.6109 0.3858, 0.5093 -0.6109 0.3898, 0.5079 -0.6105 0.3858, 0.5079 -0.6105 0.3898, 0.5079 -0.6164 0.3898, 0.5079 -0.6164 0.3858, 0.5106 -0.6169 0.3858, 0.5106 -0.6169 0.3898, 0.5122 -0.6169 0.3858, 0.5122 -0.6169 0.3898, 0.515 -0.6166 0.3858, 0.515 -0.6166 0.3898, 0.5173 -0.6158 0.3858, 0.5176 -0.6156 0.3898, 0.5176 -0.6156 0.3858, 0.5199 -0.614 0.3858, 0.5199 -0.614 0.3898, 0.5204 -0.6136 0.3858, 0.5204 -0.6136 0.3898, 0.5228 -0.6107 0.3858, 0.5228 -0.6107 0.3898, 0.5259 -0.6047 0.3858, 0.5259 -0.6047 0.3898, 0.5279 -0.5994 0.3858, 0.5791 -0.5929 0.3898, 0.5791 -0.599 0.3898, 0.5791 -0.5929 0.3858, 0.5791 -0.599 0.3858, 0.5572 -0.5929 0.3898, 0.5672 -0.5929 0.3858, 0.5572 -0.5929 0.3858, 0.5572 -0.5749 0.3898, 0.5572 -0.5749 0.3858, 0.5763 -0.5749 0.3898, 0.5672 -0.5749 0.3858, 0.5763 -0.5749 0.3858, 0.5763 -0.5688 0.3898, 0.5763 -0.5688 0.3858, 0.5572 -0.5688 0.3858, 0.5572 -0.5688 0.3898, 0.5672 -0.5688 0.3858, 0.5572 -0.5517 0.3898, 0.5572 -0.5517 0.3858, 0.5779 -0.5517 0.3858, 0.5779 -0.5517 0.3898, 0.5672 -0.5517 0.3858, 0.5779 -0.5456 0.3898, 0.5779 -0.5456 0.3858, 0.5504 -0.5456 0.3858, 0.5504 -0.5456 0.3898, 0.5672 -0.5456 0.3858, 0.5504 -0.599 0.3898, 0.5504 -0.599 0.3858, 0.5672 -0.599 0.3858, 0.6223 -0.584 0.3898, 0.6197 -0.5873 0.3898, 0.6246 -0.5915 0.3898, 0.6187 -0.5882 0.3898, 0.6191 -0.5955 0.3898, 0.6151 -0.5905 0.3898, 0.613 -0.5979 0.3898, 0.6106 -0.5922 0.3898, 0.6038 -0.599 0.3898, 0.6038 -0.5929 0.3898, 0.5892 -0.599 0.3898, 0.596 -0.5929 0.3898, 0.5892 -0.5456 0.3898, 0.596 -0.5517 0.3898, 0.6044 -0.5456 0.3898, 0.6041 -0.5517 0.3898, 0.6125 -0.5465 0.3898, 0.611 -0.5525 0.3898, 0.619 -0.5489 0.3898, 0.6156 -0.5542 0.3898, 0.6246 -0.5527 0.3898, 0.6195 -0.5568 0.3898, 0.6264 -0.5545 0.3898, 0.6213 -0.5585 0.3898, 0.6297 -0.5591 0.3898, 0.6233 -0.5616 0.3898, 0.6317 -0.5642 0.3898, 0.6247 -0.5657 0.3898, 0.6326 -0.5716 0.3898, 0.6254 -0.5718 0.3898, 0.6325 -0.575 0.3898, 0.6252 -0.5752 0.3898, 0.6312 -0.5812 0.3898, 0.6242 -0.5801 0.3898, 0.6285 -0.5868 0.3898, 0.6038 -0.599 0.3858, 0.5892 -0.599 0.3858, 0.613 -0.5979 0.3858, 0.6191 -0.5955 0.3858, 0.6246 -0.5915 0.3858, 0.6285 -0.5868 0.3858, 0.6312 -0.5812 0.3858, 0.6325 -0.575 0.3858, 0.6326 -0.5716 0.3858, 0.6317 -0.5642 0.3858, 0.6297 -0.5591 0.3858, 0.6264 -0.5545 0.3858, 0.6246 -0.5527 0.3858, 0.619 -0.5489 0.3858, 0.6125 -0.5465 0.3858, 0.6044 -0.5456 0.3858, 0.5892 -0.5456 0.3858, 0.6041 -0.5517 0.3858, 0.596 -0.5517 0.3858, 0.596 -0.5929 0.3858, 0.6038 -0.5929 0.3858, 0.6197 -0.5873 0.3858, 0.6187 -0.5882 0.3858, 0.6151 -0.5905 0.3858, 0.6106 -0.5922 0.3858, 0.6254 -0.5718 0.3858, 0.6252 -0.5752 0.3858, 0.6242 -0.5801 0.3858, 0.6223 -0.584 0.3858, 0.6195 -0.5568 0.3858, 0.6213 -0.5585 0.3858, 0.6233 -0.5616 0.3858, 0.6247 -0.5657 0.3858, 0.611 -0.5525 0.3858, 0.6156 -0.5542 0.3858
            ]
        }
        coordIndex [
            0,1,2,-1,3,4,5,-1,3,5,6,-1,6,5,7,-1,6,7,2,-1,2,7,8,-1,2,8,0,-1,9,1,10,-1,10,1,0,-1,10,11,9,-1,9,11,12,-1,13,14,15,-1,15,14,12,-1,15,12,16,-1,16,12,11,-1,13,17,14,-1,14,17,18,-1,17,19,18,-1,18,19,20,-1,18,20,21,-1,21,20,22,-1,21,22,23,-1,23,22,24,-1,23,24,25,-1,25,24,26,-1,25,26,27,-1,27,26,28,-1,27,28,29,-1,29,28,30,-1,29,30,31,-1,31,30,32,-1,31,32,33,-1,33,32,34,-1,33,34,35,-1,35,34,36,-1,35,36,37,-1,37,36,38,-1,37,38,39,-1,39,38,40,-1,39,40,41,-1,41,40,42,-1,41,42,43,-1,43,42,44,-1,43,44,45,-1,45,44,46,-1,45,46,47,-1,47,46,48,-1,47,48,49,-1,49,48,50,-1,49,50,51,-1,51,50,52,-1,51,52,53,-1,53,52,54,-1,53,54,55,-1,55,54,56,-1,55,56,57,-1,57,56,58,-1,57,58,59,-1,59,58,60,-1,59,60,61,-1,61,60,62,-1,61,62,63,-1,63,62,64,-1,63,64,65,-1,65,64,66,-1,65,66,67,-1,67,66,68,-1,67,68,69,-1,69,68,70,-1,69,70,71,-1,71,70,72,-1,71,72,73,-1,73,72,74,-1,73,74,75,-1,76,75,77,-1,77,75,74,-1,76,77,78,-1,76,78,79,-1,79,78,80,-1,79,80,81,-1,81,80,82,-1,81,82,83,-1,83,82,84,-1,83,84,85,-1,85,84,86,-1,85,86,87,-1,86,88,87,-1,87,88,89,-1,88,90,89,-1,89,90,91,-1,89,91,92,-1,92,91,93,-1,92,93,94,-1,94,93,95,-1,94,95,96,-1,96,95,97,-1,96,97,98,-1,98,97,99,-1,98,99,100,-1,100,99,101,-1,100,101,102,-1,103,104,105,-1,102,101,106,-1,102,106,107,-1,107,106,108,-1,107,108,105,-1,105,108,109,-1,105,109,103,-1,104,103,110,-1,104,110,111,-1,111,110,112,-1,111,112,113,-1,113,112,114,-1,113,114,115,-1,115,114,116,-1,115,116,117,-1,117,116,118,-1,117,118,119,-1,119,118,120,-1,119,120,121,-1,121,120,122,-1,121,122,123,-1,123,122,124,-1,123,124,125,-1,125,124,126,-1,125,126,127,-1,127,126,128,-1,127,128,129,-1,129,128,130,-1,129,130,131,-1,131,130,132,-1,131,132,133,-1,133,132,134,-1,133,134,135,-1,135,134,4,-1,135,4,3,-1,59,61,87,-1,87,61,85,-1,85,61,63,-1,85,63,83,-1,125,25,27,-1,111,43,104,-1,104,43,45,-1,125,27,123,-1,123,27,29,-1,123,29,121,-1,121,29,31,-1,121,31,119,-1,119,31,33,-1,119,33,117,-1,117,33,35,-1,117,35,115,-1,115,35,37,-1,115,37,113,-1,113,37,39,-1,113,39,111,-1,111,39,41,-1,111,41,43,-1,25,125,23,-1,23,125,127,-1,23,127,21,-1,14,3,12,-1,12,3,6,-1,12,6,9,-1,9,6,2,-1,9,2,1,-1,63,65,83,-1,83,65,67,-1,83,67,81,-1,81,67,69,-1,81,69,79,-1,79,69,71,-1,79,71,76,-1,76,71,73,-1,76,73,75,-1,127,129,21,-1,21,129,131,-1,21,131,18,-1,18,131,133,-1,18,133,14,-1,14,133,135,-1,14,135,3,-1,87,89,59,-1,59,89,92,-1,59,92,57,-1,57,92,94,-1,57,94,55,-1,55,94,96,-1,55,96,53,-1,53,96,98,-1,53,98,51,-1,51,98,100,-1,51,100,49,-1,49,100,102,-1,49,102,47,-1,47,102,107,-1,47,107,45,-1,45,107,105,-1,45,105,104,-1,136,137,138,-1,138,137,139,-1,140,136,141,-1,141,136,138,-1,140,141,142,-1,140,142,143,-1,143,142,144,-1,143,144,145,-1,146,145,147,-1,147,145,144,-1,148,146,149,-1,149,146,147,-1,148,149,150,-1,150,149,151,-1,150,151,152,-1,153,150,154,-1,154,150,152,-1,153,154,155,-1,155,154,156,-1,155,156,157,-1,158,159,160,-1,160,159,155,-1,160,155,157,-1,158,161,159,-1,159,161,162,-1,161,163,162,-1,162,163,164,-1,162,164,165,-1,165,164,166,-1,165,166,167,-1,167,166,168,-1,167,168,169,-1,169,168,170,-1,169,170,171,-1,171,170,172,-1,171,172,173,-1,173,172,174,-1,173,174,175,-1,175,174,176,-1,175,176,177,-1,178,177,179,-1,179,177,176,-1,178,179,180,-1,178,180,181,-1,181,180,182,-1,181,182,183,-1,183,182,184,-1,183,184,185,-1,185,184,186,-1,185,186,187,-1,186,188,187,-1,187,188,189,-1,187,189,190,-1,190,189,191,-1,190,191,192,-1,192,191,193,-1,192,193,194,-1,194,193,195,-1,194,195,196,-1,139,137,197,-1,197,137,196,-1,197,196,195,-1,143,145,196,-1,175,177,178,-1,137,136,196,-1,196,136,140,-1,196,140,143,-1,150,153,148,-1,148,153,155,-1,148,155,146,-1,145,146,196,-1,196,146,155,-1,196,155,194,-1,175,178,173,-1,173,178,181,-1,173,181,171,-1,171,181,183,-1,171,183,169,-1,169,183,185,-1,169,185,167,-1,167,185,187,-1,167,187,165,-1,155,159,194,-1,194,159,162,-1,194,162,192,-1,192,162,165,-1,192,165,190,-1,190,165,187,-1,198,199,200,-1,200,199,201,-1,198,200,202,-1,202,200,203,-1,202,203,204,-1,205,202,206,-1,206,202,204,-1,205,206,207,-1,207,206,208,-1,207,208,209,-1,210,207,211,-1,211,207,209,-1,212,213,214,-1,214,213,210,-1,214,210,211,-1,215,213,216,-1,216,213,212,-1,217,218,219,-1,219,218,215,-1,219,215,216,-1,220,218,221,-1,221,218,217,-1,222,223,224,-1,224,223,220,-1,224,220,221,-1,225,223,226,-1,226,223,222,-1,225,226,199,-1,199,226,227,-1,199,227,201,-1,225,199,198,-1,198,202,225,-1,225,202,205,-1,225,205,223,-1,218,220,215,-1,215,220,223,-1,215,223,213,-1,213,223,205,-1,213,205,210,-1,210,205,207,-1,228,229,230,-1,230,229,231,-1,230,231,232,-1,232,231,233,-1,232,233,234,-1,234,233,235,-1,234,235,236,-1,236,235,237,-1,236,237,238,-1,238,237,239,-1,238,239,240,-1,240,239,241,-1,240,241,242,-1,242,241,243,-1,242,243,244,-1,244,243,245,-1,244,245,246,-1,246,245,247,-1,246,247,248,-1,248,247,249,-1,248,249,250,-1,250,249,251,-1,250,251,252,-1,252,251,253,-1,252,253,254,-1,254,253,255,-1,254,255,256,-1,256,255,257,-1,256,257,258,-1,258,257,259,-1,258,259,260,-1,260,259,261,-1,260,261,262,-1,262,261,228,-1,262,228,230,-1,236,238,263,-1,263,238,264,-1,236,263,265,-1,236,265,234,-1,234,265,266,-1,234,266,232,-1,232,266,267,-1,232,267,230,-1,230,267,268,-1,230,268,262,-1,262,268,269,-1,262,269,260,-1,260,269,270,-1,260,270,258,-1,258,270,271,-1,258,271,256,-1,256,271,272,-1,256,272,254,-1,254,272,273,-1,254,273,252,-1,252,273,274,-1,252,274,250,-1,250,274,275,-1,250,275,248,-1,248,275,276,-1,248,276,246,-1,246,276,277,-1,246,277,244,-1,244,277,278,-1,244,278,242,-1,240,242,279,-1,279,242,278,-1,238,240,264,-1,264,240,279,-1,243,241,280,-1,280,241,281,-1,241,239,281,-1,281,239,282,-1,239,237,282,-1,282,237,283,-1,229,284,285,-1,229,285,231,-1,231,285,286,-1,231,286,233,-1,233,286,287,-1,233,287,235,-1,235,287,283,-1,235,283,237,-1,257,288,289,-1,257,289,259,-1,259,289,290,-1,259,290,261,-1,261,290,291,-1,261,291,228,-1,228,291,284,-1,228,284,229,-1,249,292,293,-1,249,293,251,-1,251,293,294,-1,251,294,253,-1,253,294,295,-1,253,295,255,-1,255,295,288,-1,255,288,257,-1,243,280,296,-1,243,296,245,-1,245,296,297,-1,245,297,247,-1,247,297,292,-1,247,292,249,-1,
        ]
    }
}
Shape{
    appearance Appearance {
        material  Material 	{
            diffuseColor 0.2235294117647059 0.2235294117647059 0.2235294117647059
            specularColor 0.11372549019607843 0.11372549019607843 0.11372549019607843
            ambientIntensity 0.2235
            transparency 0.0
            shininess 0.5
        }
    }
    geometry IndexedFaceSet {
        ccw TRUE
        solid FALSE
        coord DEF co Coordinate {
            point [
                0.596 -0.5517 0.3858, 0.596 -0.5929 0.3858, 0.6041 -0.5517 0.3858, 0.6038 -0.5929 0.3858, 0.6106 -0.5922 0.3858, 0.6151 -0.5905 0.3858, 0.6187 -0.5882 0.3858, 0.6197 -0.5873 0.3858, 0.6223 -0.584 0.3858, 0.6242 -0.5801 0.3858, 0.6252 -0.5752 0.3858, 0.6254 -0.5718 0.3858, 0.6247 -0.5657 0.3858, 0.6233 -0.5616 0.3858, 0.6213 -0.5585 0.3858, 0.6195 -0.5568 0.3858, 0.611 -0.5525 0.3858, 0.6156 -0.5542 0.3858
            ]
        }
        coordIndex [
            0,1,2,-1,2,1,3,-1,2,3,4,-1,4,5,2,-1,2,5,6,-1,2,6,7,-1,7,8,2,-1,2,8,9,-1,2,9,10,-1,10,11,2,-1,2,11,12,-1,2,12,13,-1,13,14,2,-1,2,14,15,-1,2,15,16,-1,16,15,17,-1,
        ]
    }
}
Shape{
    appearance Appearance {
        material  Material 	{
            diffuseColor 1.0 1.0 1.0
            specularColor 0.5019607843137255 0.5019607843137255 0.5019607843137255
            ambientIntensity 1.0
            transparency 0.0
            shininess 0.5
        }
    }
    geometry IndexedFaceSet {
        ccw TRUE
        solid FALSE
        coord DEF co Coordinate {
            point [
                0.6505 -0.5784 0.3898, 0.6483 -0.5844 0.3898, 0.6684 -0.5784 0.3898, 0.6705 -0.5844 0.3898, 0.6585 -0.5562 0.3898, 0.6559 -0.5456 0.3898, 0.6356 -0.599 0.3898, 0.6432 -0.599 0.3898, 0.6589 -0.5546 0.3898, 0.6594 -0.5524 0.3898, 0.6633 -0.5456 0.3898, 0.6595 -0.5524 0.3898, 0.66 -0.5547 0.3898, 0.6604 -0.5562 0.3898, 0.6836 -0.599 0.3898, 0.676 -0.599 0.3898, 0.6633 -0.5456 0.3858, 0.6836 -0.599 0.3858, 0.6559 -0.5456 0.3858, 0.6356 -0.599 0.3858, 0.6432 -0.599 0.3858, 0.6483 -0.5844 0.3858, 0.6705 -0.5844 0.3858, 0.676 -0.599 0.3858, 0.6505 -0.5784 0.3858, 0.6684 -0.5784 0.3858, 0.6604 -0.5562 0.3858, 0.6595 -0.5524 0.3858, 0.66 -0.5547 0.3858, 0.6594 -0.5524 0.3858, 0.6585 -0.5562 0.3858, 0.6589 -0.5546 0.3858
            ]
        }
        coordIndex [
            0,1,2,-1,2,1,3,-1,4,5,0,-1,0,5,6,-1,0,6,1,-1,1,6,7,-1,4,8,5,-1,5,8,9,-1,5,9,10,-1,10,9,11,-1,10,11,12,-1,12,13,10,-1,10,13,2,-1,10,2,14,-1,14,2,3,-1,14,3,15,-1,10,14,16,-1,16,14,17,-1,5,10,18,-1,18,10,16,-1,6,5,19,-1,19,5,18,-1,7,6,20,-1,20,6,19,-1,1,7,21,-1,21,7,20,-1,3,1,22,-1,22,1,21,-1,15,3,23,-1,23,3,22,-1,14,15,17,-1,17,15,23,-1,0,2,24,-1,24,2,25,-1,2,13,25,-1,25,13,26,-1,11,27,28,-1,11,28,12,-1,12,28,26,-1,12,26,13,-1,11,9,27,-1,27,9,29,-1,4,30,31,-1,4,31,8,-1,8,31,29,-1,8,29,9,-1,4,0,30,-1,30,0,24,-1,
        ]
    }
}
Shape{
    appearance Appearance {
        material  Material 	{
            diffuseColor 0.2235294117647059 0.2235294117647059 0.2235294117647059
            specularColor 0.11372549019607843 0.11372549019607843 0.11372549019607843
            ambientIntensity 0.2235
            transparency 0.0
            shininess 0.5
        }
    }
    geometry IndexedFaceSet {
        ccw TRUE
        solid FALSE
        coord DEF co Coordinate {
            point [
                0.6595 -0.5524 0.3858, 0.6594 -0.5524 0.3858, 0.66 -0.5547 0.3858, 0.6589 -0.5546 0.3858, 0.6604 -0.5562 0.3858, 0.6585 -0.5562 0.3858, 0.6684 -0.5784 0.3858, 0.6505 -0.5784 0.3858
            ]
        }
        coordIndex [
            0,1,2,-1,2,1,3,-1,2,3,4,-1,4,3,5,-1,4,5,6,-1,6,5,7,-1,
        ]
    }
}
Shape{
    appearance Appearance {
        material  Material 	{
            diffuseColor 1.0 1.0 1.0
            specularColor 0.5019607843137255 0.5019607843137255 0.5019607843137255
            ambientIntensity 1.0
            transparency 0.0
            shininess 0.5
        }
    }
    geometry IndexedFaceSet {
        ccw TRUE
        solid FALSE
        coord DEF co Coordinate {
            point [
                0.1668 -0.6065 0.3898, 0.1724 -0.6135 0.3898, 0.1634 -0.573 0.3898, 0.1568 -0.507 0.3898, 0.1653 -0.5025 0.3898, 0.1631 -0.4792 0.3898, 0.237 -0.5863 0.3898, 0.237 -0.5825 0.3898, 0.2048 -0.5732 0.3898, 0.2012 -0.5721 0.3898, 0.1782 -0.4773 0.3898, 0.2105 -0.5778 0.3898, 0.2123 -0.5808 0.3898, 0.2368 -0.5901 0.3898, 0.2901 -0.5544 0.3898, 0.2784 -0.5343 0.3898, 0.2275 -0.5608 0.3898, 0.1987 -0.5718 0.3898, 0.1951 -0.5723 0.3898, 0.19 -0.549 0.3898, 0.1917 -0.5736 0.3898, 0.1816 -0.5522 0.3898, 0.1888 -0.5757 0.3898, 0.1738 -0.5576 0.3898, 0.1869 -0.5776 0.3898, 0.1676 -0.5648 0.3898, 0.185 -0.5808 0.3898, 0.184 -0.5844 0.3898, 0.2128 -0.5505 0.3898, 0.2037 -0.5482 0.3898, 0.199 -0.5479 0.3898, 0.1869 -0.4781 0.3898, 0.1987 -0.5058 0.3898, 0.2036 -0.4951 0.3898, 0.1551 -0.5679 0.3898, 0.1581 -0.597 0.3898, 0.163 -0.5984 0.3898, 0.2079 -0.5751 0.3898, 0.1887 -0.5976 0.3898, 0.1917 -0.5997 0.3898, 0.1798 -0.6191 0.3898, 0.1952 -0.601 0.3898, 0.1947 -0.469 0.3898, 0.2118 -0.4847 0.3898, 0.2036 -0.4614 0.3898, 0.2222 -0.4767 0.3898, 0.2128 -0.4557 0.3898, 0.1747 -0.5003 0.3898, 0.1785 -0.5001 0.3898, 0.1825 -0.4776 0.3898, 0.1873 -0.5012 0.3898, 0.1958 -0.5043 0.3898, 0.2209 -0.5548 0.3898, 0.3026 -0.5168 0.3898, 0.3057 -0.5168 0.3898, 0.3212 -0.4963 0.3898, 0.3129 -0.5177 0.3898, 0.3242 -0.4974 0.3898, 0.3195 -0.5202 0.3898, 0.3354 -0.5032 0.3898, 0.3254 -0.5244 0.3898, 0.3455 -0.5122 0.3898, 0.3298 -0.5293 0.3898, 0.353 -0.5231 0.3898, 0.3333 -0.5359 0.3898, 0.3574 -0.5348 0.3898, 0.3351 -0.5432 0.3898, 0.3588 -0.546 0.3898, 0.3353 -0.5464 0.3898, 0.3588 -0.5485 0.3898, 0.3344 -0.5538 0.3898, 0.2865 -0.599 0.3898, 0.2878 -0.5992 0.3898, 0.2909 -0.576 0.3898, 0.2303 -0.4489 0.3898, 0.2345 -0.4715 0.3898, 0.2491 -0.4466 0.3898, 0.3007 -0.4663 0.3898, 0.289 -0.4869 0.3898, 0.3132 -0.4807 0.3898, 0.2967 -0.4978 0.3898, 0.3015 -0.5105 0.3898, 0.1417 -0.5289 0.3898, 0.1168 -0.5353 0.3898, 0.1406 -0.5381 0.3898, 0.1167 -0.5388 0.3898, 0.141 -0.5438 0.3898, 0.1185 -0.5538 0.3898, 0.1437 -0.5531 0.3898, 0.124 -0.5679 0.3898, 0.1483 -0.5609 0.3898, 0.1326 -0.5802 0.3898, 0.1444 -0.5903 0.3898, 0.1863 -0.5948 0.3898, 0.1847 -0.5917 0.3898, 0.1839 -0.5881 0.3898, 0.308 -0.576 0.3898, 0.3102 -0.5992 0.3898, 0.3147 -0.5747 0.3898, 0.3216 -0.5969 0.3898, 0.3214 -0.5716 0.3898, 0.3333 -0.5916 0.3898, 0.327 -0.5671 0.3898, 0.3433 -0.5836 0.3898, 0.3276 -0.5665 0.3898, 0.3448 -0.5821 0.3898, 0.3318 -0.5606 0.3898, 0.3516 -0.5728 0.3898, 0.3567 -0.5609 0.3898, 0.1491 -0.4847 0.3898, 0.137 -0.4932 0.3898, 0.1502 -0.5129 0.3898, 0.1345 -0.4956 0.3898, 0.145 -0.5204 0.3898, 0.1253 -0.5074 0.3898, 0.1193 -0.521 0.3898, 0.2133 -0.5843 0.3898, 0.2134 -0.5879 0.3898, 0.2346 -0.5995 0.3898, 0.2126 -0.5916 0.3898, 0.2301 -0.608 0.3898, 0.2109 -0.5949 0.3898, 0.2242 -0.6146 0.3898, 0.2085 -0.5977 0.3898, 0.2167 -0.6199 0.3898, 0.2056 -0.5997 0.3898, 0.2082 -0.6231 0.3898, 0.2023 -0.601 0.3898, 0.199 -0.6242 0.3898, 0.1987 -0.6015 0.3898, 0.1975 -0.6242 0.3898, 0.1886 -0.6228 0.3898, 0.2471 -0.4694 0.3898, 0.2495 -0.4694 0.3898, 0.2648 -0.4482 0.3898, 0.261 -0.4706 0.3898, 0.2838 -0.455 0.3898, 0.273 -0.4749 0.3898, 0.2838 -0.482 0.3898, 0.2769 -0.5862 0.3898, 0.2768 -0.5874 0.3898, 0.289 -0.5757 0.3898, 0.2771 -0.59 0.3898, 0.2781 -0.5926 0.3898, 0.2797 -0.595 0.3898, 0.2814 -0.5966 0.3898, 0.2901 -0.5759 0.3898, 0.284 -0.5982 0.3898, 0.2886 -0.5756 0.3898, 0.286 -0.5759 0.3898, 0.2833 -0.5769 0.3898, 0.281 -0.5785 0.3898, 0.279 -0.5807 0.3898, 0.2776 -0.5833 0.3898, 0.3473 -0.5148 0.3858, 0.353 -0.5231 0.3858, 0.3557 -0.5304 0.3858, 0.3574 -0.5348 0.3858, 0.3588 -0.546 0.3858, 0.3455 -0.5122 0.3858, 0.3354 -0.5032 0.3858, 0.3242 -0.4974 0.3858, 0.3212 -0.4963 0.3858, 0.3132 -0.4807 0.3858, 0.3007 -0.4663 0.3858, 0.292 -0.4605 0.3858, 0.2838 -0.455 0.3858, 0.2648 -0.4482 0.3858, 0.2491 -0.4466 0.3858, 0.2036 -0.4614 0.3858, 0.2051 -0.4605 0.3858, 0.2128 -0.4557 0.3858, 0.2303 -0.4489 0.3858, 0.1947 -0.469 0.3858, 0.1869 -0.4781 0.3858, 0.1825 -0.4776 0.3858, 0.1782 -0.4773 0.3858, 0.1631 -0.4792 0.3858, 0.1491 -0.4847 0.3858, 0.137 -0.4932 0.3858, 0.1345 -0.4956 0.3858, 0.1253 -0.5074 0.3858, 0.1221 -0.5148 0.3858, 0.1193 -0.521 0.3858, 0.1176 -0.5304 0.3858, 0.1168 -0.5353 0.3858, 0.1167 -0.5388 0.3858, 0.1185 -0.5538 0.3858, 0.124 -0.5679 0.3858, 0.1326 -0.5802 0.3858, 0.1444 -0.5903 0.3858, 0.1581 -0.597 0.3858, 0.163 -0.5984 0.3858, 0.1635 -0.5994 0.3858, 0.1668 -0.6065 0.3858, 0.1724 -0.6135 0.3858, 0.1798 -0.6191 0.3858, 0.1833 -0.6206 0.3858, 0.1886 -0.6228 0.3858, 0.1975 -0.6242 0.3858, 0.199 -0.6242 0.3858, 0.237 -0.5863 0.3858, 0.2082 -0.6231 0.3858, 0.2147 -0.6206 0.3858, 0.2167 -0.6199 0.3858, 0.2242 -0.6146 0.3858, 0.2301 -0.608 0.3858, 0.2346 -0.5995 0.3858, 0.2346 -0.5994 0.3858, 0.2368 -0.5901 0.3858, 0.237 -0.5825 0.3858, 0.2901 -0.5544 0.3858, 0.2784 -0.5343 0.3858, 0.2275 -0.5608 0.3858, 0.2209 -0.5548 0.3858, 0.2128 -0.5505 0.3858, 0.2037 -0.5482 0.3858, 0.199 -0.5479 0.3858, 0.19 -0.549 0.3858, 0.1816 -0.5522 0.3858, 0.1738 -0.5576 0.3858, 0.1676 -0.5648 0.3858, 0.1634 -0.573 0.3858, 0.1551 -0.5679 0.3858, 0.1483 -0.5609 0.3858, 0.1437 -0.5531 0.3858, 0.141 -0.5438 0.3858, 0.1406 -0.5381 0.3858, 0.1415 -0.5304 0.3858, 0.1417 -0.5289 0.3858, 0.145 -0.5204 0.3858, 0.1489 -0.5148 0.3858, 0.1502 -0.5129 0.3858, 0.1568 -0.507 0.3858, 0.1653 -0.5025 0.3858, 0.1747 -0.5003 0.3858, 0.1785 -0.5001 0.3858, 0.1873 -0.5012 0.3858, 0.1958 -0.5043 0.3858, 0.1987 -0.5058 0.3858, 0.2036 -0.4951 0.3858, 0.2118 -0.4847 0.3858, 0.2222 -0.4767 0.3858, 0.2345 -0.4715 0.3858, 0.2471 -0.4694 0.3858, 0.2495 -0.4694 0.3858, 0.3026 -0.5168 0.3858, 0.3023 -0.5148 0.3858, 0.3015 -0.5105 0.3858, 0.2967 -0.4978 0.3858, 0.289 -0.4869 0.3858, 0.2838 -0.482 0.3858, 0.273 -0.4749 0.3858, 0.261 -0.4706 0.3858, 0.3057 -0.5168 0.3858, 0.3129 -0.5177 0.3858, 0.3195 -0.5202 0.3858, 0.3254 -0.5244 0.3858, 0.3298 -0.5293 0.3858, 0.3304 -0.5304 0.3858, 0.3333 -0.5359 0.3858, 0.3351 -0.5432 0.3858, 0.3353 -0.5464 0.3858, 0.3344 -0.5538 0.3858, 0.3318 -0.5606 0.3858, 0.3276 -0.5665 0.3858, 0.327 -0.5671 0.3858, 0.3214 -0.5716 0.3858, 0.3147 -0.5747 0.3858, 0.308 -0.576 0.3858, 0.2909 -0.576 0.3858, 0.2901 -0.5759 0.3858, 0.289 -0.5757 0.3858, 0.2886 -0.5756 0.3858, 0.286 -0.5759 0.3858, 0.2833 -0.5769 0.3858, 0.281 -0.5785 0.3858, 0.279 -0.5807 0.3858, 0.2776 -0.5833 0.3858, 0.2769 -0.5862 0.3858, 0.2768 -0.5874 0.3858, 0.2771 -0.59 0.3858, 0.2781 -0.5926 0.3858, 0.2797 -0.595 0.3858, 0.2814 -0.5966 0.3858, 0.284 -0.5982 0.3858, 0.2865 -0.599 0.3858, 0.2878 -0.5992 0.3858, 0.3102 -0.5992 0.3858, 0.3216 -0.5969 0.3858, 0.3333 -0.5916 0.3858, 0.3433 -0.5836 0.3858, 0.3448 -0.5821 0.3858, 0.3516 -0.5728 0.3858, 0.3567 -0.5609 0.3858, 0.3588 -0.5485 0.3858, 0.1987 -0.5718 0.3858, 0.2012 -0.5721 0.3858, 0.2048 -0.5732 0.3858, 0.2079 -0.5751 0.3858, 0.2105 -0.5778 0.3858, 0.2123 -0.5808 0.3858, 0.2133 -0.5843 0.3858, 0.2134 -0.5879 0.3858, 0.2126 -0.5916 0.3858, 0.2109 -0.5949 0.3858, 0.2085 -0.5977 0.3858, 0.2056 -0.5997 0.3858, 0.2023 -0.601 0.3858, 0.1987 -0.6015 0.3858, 0.1952 -0.601 0.3858, 0.1917 -0.5997 0.3858, 0.1887 -0.5976 0.3858, 0.1863 -0.5948 0.3858, 0.1847 -0.5917 0.3858, 0.1839 -0.5881 0.3858, 0.184 -0.5844 0.3858, 0.185 -0.5808 0.3858, 0.1869 -0.5776 0.3858, 0.1888 -0.5757 0.3858, 0.1917 -0.5736 0.3858, 0.1951 -0.5723 0.3858
            ]
        }
        coordIndex [
            0,1,2,-1,3,4,5,-1,6,7,8,-1,8,7,9,-1,5,4,10,-1,11,12,13,-1,14,15,7,-1,7,15,16,-1,7,16,9,-1,9,16,17,-1,18,19,20,-1,20,19,21,-1,20,21,22,-1,22,21,23,-1,22,23,24,-1,24,23,25,-1,24,25,26,-1,26,25,2,-1,26,2,27,-1,28,29,18,-1,18,29,30,-1,18,30,19,-1,31,32,33,-1,34,35,2,-1,2,35,36,-1,2,36,0,-1,6,8,13,-1,13,8,37,-1,13,37,11,-1,38,1,39,-1,39,1,40,-1,39,40,41,-1,31,33,42,-1,42,33,43,-1,42,43,44,-1,44,43,45,-1,44,45,46,-1,4,47,10,-1,10,47,48,-1,10,48,49,-1,49,48,50,-1,49,50,31,-1,31,50,51,-1,31,51,32,-1,17,16,18,-1,18,16,52,-1,18,52,28,-1,53,54,55,-1,55,54,56,-1,55,56,57,-1,57,56,58,-1,57,58,59,-1,59,58,60,-1,59,60,61,-1,61,60,62,-1,61,62,63,-1,63,62,64,-1,63,64,65,-1,65,64,66,-1,65,66,67,-1,67,66,68,-1,67,68,69,-1,69,68,70,-1,71,72,73,-1,46,45,74,-1,74,45,75,-1,74,75,76,-1,77,78,79,-1,79,78,80,-1,79,80,55,-1,55,80,81,-1,55,81,53,-1,82,83,84,-1,84,83,85,-1,84,85,86,-1,86,85,87,-1,86,87,88,-1,88,87,89,-1,88,89,90,-1,90,89,91,-1,90,91,34,-1,34,91,92,-1,34,92,35,-1,38,93,1,-1,1,93,94,-1,1,94,2,-1,2,94,95,-1,2,95,27,-1,73,72,96,-1,96,72,97,-1,96,97,98,-1,98,97,99,-1,98,99,100,-1,100,99,101,-1,100,101,102,-1,102,101,103,-1,102,103,104,-1,104,103,105,-1,104,105,106,-1,106,105,107,-1,106,107,70,-1,70,107,108,-1,70,108,69,-1,5,109,3,-1,3,109,110,-1,3,110,111,-1,111,110,112,-1,111,112,113,-1,113,112,114,-1,113,114,82,-1,82,114,115,-1,82,115,83,-1,12,116,13,-1,13,116,117,-1,13,117,118,-1,118,117,119,-1,118,119,120,-1,120,119,121,-1,120,121,122,-1,122,121,123,-1,122,123,124,-1,124,123,125,-1,124,125,126,-1,126,125,127,-1,126,127,128,-1,128,127,129,-1,128,129,130,-1,130,129,41,-1,130,41,131,-1,131,41,40,-1,75,132,76,-1,76,132,133,-1,76,133,134,-1,134,133,135,-1,134,135,136,-1,136,135,137,-1,136,137,77,-1,77,137,138,-1,77,138,78,-1,139,140,141,-1,141,140,142,-1,142,143,141,-1,141,143,144,-1,141,144,145,-1,73,146,71,-1,71,146,141,-1,71,141,147,-1,147,141,145,-1,141,148,139,-1,139,148,149,-1,139,149,150,-1,150,151,139,-1,139,151,152,-1,139,152,153,-1,154,61,155,-1,155,61,63,-1,155,63,156,-1,156,63,65,-1,156,65,157,-1,157,65,67,-1,157,67,158,-1,154,159,61,-1,61,159,160,-1,61,160,59,-1,59,160,161,-1,59,161,57,-1,57,161,162,-1,57,162,55,-1,55,162,163,-1,55,163,79,-1,79,163,164,-1,79,164,77,-1,77,164,136,-1,136,164,165,-1,165,166,136,-1,136,166,167,-1,136,167,134,-1,134,167,168,-1,134,168,76,-1,169,44,170,-1,170,44,46,-1,170,46,171,-1,171,46,74,-1,171,74,172,-1,172,74,76,-1,172,76,168,-1,44,169,173,-1,44,173,42,-1,42,173,174,-1,42,174,31,-1,31,174,175,-1,31,175,49,-1,49,175,176,-1,49,176,10,-1,10,176,177,-1,10,177,5,-1,5,177,178,-1,5,178,109,-1,109,178,179,-1,109,179,110,-1,110,179,180,-1,110,180,112,-1,115,114,181,-1,181,114,112,-1,181,112,180,-1,181,182,115,-1,115,182,183,-1,115,183,83,-1,83,183,184,-1,184,185,83,-1,83,185,186,-1,83,186,85,-1,85,186,187,-1,85,187,87,-1,87,187,188,-1,87,188,89,-1,89,188,189,-1,89,189,91,-1,91,189,190,-1,91,190,92,-1,92,190,191,-1,92,191,35,-1,35,191,192,-1,35,192,36,-1,36,192,193,-1,36,193,0,-1,193,194,0,-1,0,194,195,-1,0,195,1,-1,1,195,196,-1,1,196,40,-1,40,196,197,-1,40,197,131,-1,197,198,131,-1,131,198,199,-1,131,199,130,-1,130,199,200,-1,130,200,128,-1,201,6,13,-1,128,200,202,-1,128,202,126,-1,126,202,203,-1,126,203,124,-1,203,204,124,-1,124,204,205,-1,124,205,122,-1,122,205,206,-1,122,206,120,-1,120,206,207,-1,120,207,118,-1,118,207,208,-1,118,208,13,-1,13,208,209,-1,13,209,201,-1,7,6,210,-1,210,6,201,-1,14,7,211,-1,211,7,210,-1,15,14,212,-1,212,14,211,-1,16,15,213,-1,213,15,212,-1,16,213,214,-1,16,214,52,-1,52,214,215,-1,52,215,28,-1,28,215,216,-1,28,216,29,-1,29,216,217,-1,29,217,30,-1,30,217,218,-1,30,218,19,-1,19,218,219,-1,19,219,21,-1,21,219,220,-1,21,220,23,-1,23,220,221,-1,23,221,25,-1,25,221,222,-1,25,222,2,-1,2,222,223,-1,2,223,34,-1,34,223,224,-1,34,224,90,-1,90,224,225,-1,90,225,88,-1,88,225,226,-1,88,226,86,-1,86,226,227,-1,86,227,84,-1,84,227,228,-1,84,228,82,-1,82,228,229,-1,82,229,230,-1,231,111,230,-1,230,111,113,-1,230,113,82,-1,231,232,111,-1,111,232,233,-1,111,233,3,-1,3,233,234,-1,3,234,4,-1,4,234,235,-1,4,235,47,-1,47,235,236,-1,47,236,48,-1,48,236,237,-1,48,237,50,-1,50,237,238,-1,50,238,51,-1,51,238,239,-1,51,239,32,-1,32,239,240,-1,32,240,33,-1,33,240,241,-1,33,241,43,-1,43,241,242,-1,43,242,45,-1,45,242,243,-1,45,243,75,-1,75,243,244,-1,75,244,132,-1,132,244,245,-1,132,245,133,-1,246,53,247,-1,247,53,81,-1,247,81,248,-1,248,81,80,-1,248,80,249,-1,249,80,78,-1,249,78,250,-1,250,78,138,-1,250,138,251,-1,251,138,137,-1,251,137,252,-1,252,137,135,-1,252,135,253,-1,253,135,133,-1,253,133,245,-1,54,53,254,-1,254,53,246,-1,54,254,255,-1,54,255,56,-1,56,255,256,-1,56,256,58,-1,58,256,257,-1,58,257,60,-1,60,257,258,-1,60,258,62,-1,62,258,259,-1,62,259,64,-1,259,260,64,-1,64,260,261,-1,64,261,66,-1,66,261,262,-1,66,262,68,-1,68,262,263,-1,68,263,70,-1,70,263,264,-1,70,264,106,-1,106,264,265,-1,106,265,104,-1,104,265,266,-1,104,266,102,-1,102,266,267,-1,102,267,100,-1,100,267,268,-1,100,268,98,-1,98,268,269,-1,98,269,96,-1,73,96,270,-1,270,96,269,-1,73,270,271,-1,73,271,146,-1,146,271,272,-1,146,272,141,-1,141,272,273,-1,141,273,148,-1,148,273,274,-1,148,274,149,-1,149,274,275,-1,149,275,150,-1,150,275,276,-1,150,276,151,-1,151,276,277,-1,151,277,152,-1,152,277,278,-1,152,278,153,-1,153,278,279,-1,153,279,139,-1,139,279,280,-1,139,280,140,-1,140,280,281,-1,140,281,142,-1,142,281,282,-1,142,282,143,-1,143,282,283,-1,143,283,144,-1,144,283,284,-1,144,284,145,-1,145,284,285,-1,145,285,147,-1,147,285,286,-1,147,286,71,-1,71,286,287,-1,71,287,72,-1,97,72,288,-1,288,72,287,-1,97,288,289,-1,97,289,99,-1,99,289,290,-1,99,290,101,-1,101,290,291,-1,101,291,103,-1,103,291,292,-1,103,292,105,-1,105,292,293,-1,105,293,107,-1,107,293,294,-1,107,294,108,-1,108,294,295,-1,108,295,69,-1,69,295,158,-1,69,158,67,-1,17,296,297,-1,17,297,9,-1,9,297,298,-1,9,298,8,-1,8,298,299,-1,8,299,37,-1,37,299,300,-1,37,300,11,-1,11,300,301,-1,11,301,12,-1,12,301,302,-1,12,302,116,-1,116,302,303,-1,116,303,117,-1,117,303,304,-1,117,304,119,-1,119,304,305,-1,119,305,121,-1,121,305,306,-1,121,306,123,-1,123,306,307,-1,123,307,125,-1,125,307,308,-1,125,308,127,-1,127,308,309,-1,127,309,129,-1,129,309,310,-1,129,310,41,-1,41,310,311,-1,41,311,39,-1,39,311,312,-1,39,312,38,-1,38,312,313,-1,38,313,93,-1,93,313,314,-1,93,314,94,-1,94,314,315,-1,94,315,95,-1,95,315,316,-1,95,316,27,-1,27,316,317,-1,27,317,26,-1,26,317,318,-1,26,318,24,-1,24,318,319,-1,24,319,22,-1,22,319,320,-1,22,320,20,-1,20,320,321,-1,20,321,18,-1,18,321,296,-1,18,296,17,-1,
        ]
    }
}
Shape{
    appearance Appearance {
        material  Material 	{
            diffuseColor 0.2235294117647059 0.2235294117647059 0.2235294117647059
            specularColor 0.11372549019607843 0.11372549019607843 0.11372549019607843
            ambientIntensity 0.2235
            transparency 0.0
            shininess 0.5
        }
    }
    geometry IndexedFaceSet {
        ccw TRUE
        solid FALSE
        coord DEF co Coordinate {
            point [
                0.1987 -0.6015 0.3858, 0.1888 -0.5757 0.3858, 0.1869 -0.5776 0.3858, 0.1987 -0.5718 0.3858, 0.2012 -0.5721 0.3858, 0.2023 -0.601 0.3858, 0.1951 -0.5723 0.3858, 0.1917 -0.5736 0.3858, 0.2085 -0.5977 0.3858, 0.2105 -0.5778 0.3858, 0.2079 -0.5751 0.3858, 0.1847 -0.5917 0.3858, 0.1863 -0.5948 0.3858, 0.1887 -0.5976 0.3858, 0.2056 -0.5997 0.3858, 0.2048 -0.5732 0.3858, 0.185 -0.5808 0.3858, 0.184 -0.5844 0.3858, 0.1839 -0.5881 0.3858, 0.1917 -0.5997 0.3858, 0.1952 -0.601 0.3858, 0.2126 -0.5916 0.3858, 0.2134 -0.5879 0.3858, 0.2109 -0.5949 0.3858, 0.2133 -0.5843 0.3858, 0.2123 -0.5808 0.3858
            ]
        }
        coordIndex [
            0,1,2,-1,3,0,4,-1,4,0,5,-1,3,6,0,-1,0,6,7,-1,0,7,1,-1,8,9,10,-1,11,12,2,-1,2,12,13,-1,5,14,4,-1,4,14,8,-1,4,8,15,-1,15,8,10,-1,16,17,2,-1,2,17,18,-1,2,18,11,-1,13,19,2,-1,2,19,20,-1,2,20,0,-1,21,22,23,-1,23,22,24,-1,23,24,8,-1,8,24,25,-1,8,25,9,-1,
        ]
    }
}